REGION,SETTLEMENTDATE,TOTALDEMAND,RRP,PERIODTYPE
SA1,"1999/04/01 00:30",1495.155,44.18,TRADE
SA1,"1999/04/01 01:00",1553.22833,44.18,TRADE
SA1,"1999/04/01 01:30",1466.44,23.59,TRADE
SA1,"1999/04/01 02:00",1368.59167,24.16,TRADE
SA1,"1999/04/01 02:30",1274.135,21.94,TRADE
SA1,"1999/04/01 03:00",1186.83833,19.67,TRADE
SA1,"1999/04/01 03:30",1126.72167,16.57,TRADE
SA1,"1999/04/01 04:00",1100.05667,16.31,TRADE
SA1,"1999/04/01 04:30",1062.545,17.12,TRADE
SA1,"1999/04/01 05:00",1053.58167,16.98,TRADE
SA1,"1999/04/01 05:30",1051.985,19.57,TRADE
SA1,"1999/04/01 06:00",1088.77333,23.91,TRADE
SA1,"1999/04/01 06:30",1124.69333,35.85,TRADE
SA1,"1999/04/01 07:00",1191.01167,30.37,TRADE
SA1,"1999/04/01 07:30",1248.65667,19.76,TRADE
SA1,"1999/04/01 08:00",1330.83167,31.42,TRADE
SA1,"1999/04/01 08:30",1412.26833,61.95,TRADE
SA1,"1999/04/01 09:00",1442.59667,61.95,TRADE
SA1,"1999/04/01 09:30",1451.07333,51.6,TRADE
SA1,"1999/04/01 10:00",1462.525,26.52,TRADE
SA1,"1999/04/01 10:30",1425.64667,18.87,TRADE
SA1,"1999/04/01 11:00",1408.58833,26.6,TRADE
SA1,"1999/04/01 11:30",1419.62333,59.5,TRADE
SA1,"1999/04/01 12:00",1423.47333,59.5,TRADE
SA1,"1999/04/01 12:30",1417.805,59.5,TRADE
SA1,"1999/04/01 13:00",1413.72,59.5,TRADE
SA1,"1999/04/01 13:30",1432.275,61.95,TRADE
SA1,"1999/04/01 14:00",1424.66667,61.95,TRADE
SA1,"1999/04/01 14:30",1403.12667,59.5,TRADE
SA1,"1999/04/01 15:00",1406.195,59.5,TRADE
SA1,"1999/04/01 15:30",1371.715,56.58,TRADE
SA1,"1999/04/01 16:00",1360.545,45.32,TRADE
SA1,"1999/04/01 16:30",1350.135,54.59,TRADE
SA1,"1999/04/01 17:00",1340.33667,54.59,TRADE
SA1,"1999/04/01 17:30",1347.84333,61.95,TRADE
SA1,"1999/04/01 18:00",1371.955,58.62,TRADE
SA1,"1999/04/01 18:30",1392.06333,71.04,TRADE
SA1,"1999/04/01 19:00",1445.005,71.04,TRADE
SA1,"1999/04/01 19:30",1501.83167,71.04,TRADE
SA1,"1999/04/01 20:00",1483.48833,71.04,TRADE
SA1,"1999/04/01 20:30",1449.6,59.5,TRADE
SA1,"1999/04/01 21:00",1417.34167,59.5,TRADE
SA1,"1999/04/01 21:30",1409.895,45.19,TRADE
SA1,"1999/04/01 22:00",1398.08833,45.19,TRADE
SA1,"1999/04/01 22:30",1381.335,54.59,TRADE
SA1,"1999/04/01 23:00",1418.85167,54.59,TRADE
SA1,"1999/04/01 23:30",1408.16667,61.95,TRADE
SA1,"1999/04/02 00:00",1418.85333,61.95,TRADE
SA1,"1999/04/02 00:30",1429.15333,61.95,TRADE
SA1,"1999/04/02 01:00",1476.78833,61.95,TRADE
SA1,"1999/04/02 01:30",1391.06667,35.64,TRADE
SA1,"1999/04/02 02:00",1277.235,31.71,TRADE
SA1,"1999/04/02 02:30",1189.59,27.26,TRADE
SA1,"1999/04/02 03:00",1111.54833,20.89,TRADE
SA1,"1999/04/02 03:30",1051.315,16.02,TRADE
SA1,"1999/04/02 04:00",1020.84333,15.09,TRADE
SA1,"1999/04/02 04:30",990.65167,12.32,TRADE
SA1,"1999/04/02 05:00",971.08333,11.31,TRADE
SA1,"1999/04/02 05:30",972.78333,12.57,TRADE
SA1,"1999/04/02 06:00",969.24667,11.37,TRADE
SA1,"1999/04/02 06:30",971.43833,12.04,TRADE
SA1,"1999/04/02 07:00",962.715,11.4,TRADE
SA1,"1999/04/02 07:30",939.93333,10.43,TRADE
SA1,"1999/04/02 08:00",957.99167,12.64,TRADE
SA1,"1999/04/02 08:30",990.77833,13.26,TRADE
SA1,"1999/04/02 09:00",1018.3,13.57,TRADE
SA1,"1999/04/02 09:30",1031.34167,15.86,TRADE
SA1,"1999/04/02 10:00",1028.07833,16.95,TRADE
SA1,"1999/04/02 10:30",1032.49167,22.63,TRADE
SA1,"1999/04/02 11:00",1026.92667,20.96,TRADE
SA1,"1999/04/02 11:30",1025.12667,20.76,TRADE
SA1,"1999/04/02 12:00",1018.93,20.9,TRADE
SA1,"1999/04/02 12:30",1028.055,21.24,TRADE
SA1,"1999/04/02 13:00",1036.02167,18.88,TRADE
SA1,"1999/04/02 13:30",1042.42,17.37,TRADE
SA1,"1999/04/02 14:00",1035.515,16.9,TRADE
SA1,"1999/04/02 14:30",1024.33,16.23,TRADE
SA1,"1999/04/02 15:00",1010.015,14.6,TRADE
SA1,"1999/04/02 15:30",998.84167,13.68,TRADE
SA1,"1999/04/02 16:00",990.28,13.33,TRADE
SA1,"1999/04/02 16:30",984.065,13.18,TRADE
SA1,"1999/04/02 17:00",998.50833,13.66,TRADE
SA1,"1999/04/02 17:30",1018.97,15.47,TRADE
SA1,"1999/04/02 18:00",1055.98667,19.23,TRADE
SA1,"1999/04/02 18:30",1117.67333,22.16,TRADE
SA1,"1999/04/02 19:00",1194.65833,25.78,TRADE
SA1,"1999/04/02 19:30",1263.83333,26.35,TRADE
SA1,"1999/04/02 20:00",1253.895,23.36,TRADE
SA1,"1999/04/02 20:30",1233.385,19.15,TRADE
SA1,"1999/04/02 21:00",1213.86333,17.97,TRADE
SA1,"1999/04/02 21:30",1196.685,17.49,TRADE
SA1,"1999/04/02 22:00",1187.06167,16.12,TRADE
SA1,"1999/04/02 22:30",1177.25333,16.56,TRADE
SA1,"1999/04/02 23:00",1227.18333,21.85,TRADE
SA1,"1999/04/02 23:30",1256.15667,27.15,TRADE
SA1,"1999/04/03 00:00",1296.935,38.04,TRADE
SA1,"1999/04/03 00:30",1337.64,44.18,TRADE
SA1,"1999/04/03 01:00",1408.48,44.18,TRADE
SA1,"1999/04/03 01:30",1332.68,24.47,TRADE
SA1,"1999/04/03 02:00",1232.15333,19.5,TRADE
SA1,"1999/04/03 02:30",1129.08167,14.68,TRADE
SA1,"1999/04/03 03:00",1072.73167,14.04,TRADE
SA1,"1999/04/03 03:30",1021.02833,12.12,TRADE
SA1,"1999/04/03 04:00",987.58,11.31,TRADE
SA1,"1999/04/03 04:30",946.05,9.72,TRADE
SA1,"1999/04/03 05:00",937.875,9.43,TRADE
SA1,"1999/04/03 05:30",928.45333,9.41,TRADE
SA1,"1999/04/03 06:00",927.46333,10.26,TRADE
SA1,"1999/04/03 06:30",945.60333,13.37,TRADE
SA1,"1999/04/03 07:00",963.975,13,TRADE
SA1,"1999/04/03 07:30",953.235,12.62,TRADE
SA1,"1999/04/03 08:00",957.83833,14.39,TRADE
SA1,"1999/04/03 08:30",990.45667,17.16,TRADE
SA1,"1999/04/03 09:00",1031.94167,18.68,TRADE
SA1,"1999/04/03 09:30",1054.99,21.1,TRADE
SA1,"1999/04/03 10:00",1069.66333,18.41,TRADE
SA1,"1999/04/03 10:30",1075.48667,17.7,TRADE
SA1,"1999/04/03 11:00",1074.55667,16.78,TRADE
SA1,"1999/04/03 11:30",1076.83167,16.35,TRADE
SA1,"1999/04/03 12:00",1082.00833,16.58,TRADE
SA1,"1999/04/03 12:30",1098.33333,16.47,TRADE
SA1,"1999/04/03 13:00",1104.34,16.52,TRADE
SA1,"1999/04/03 13:30",1102.77333,16.58,TRADE
SA1,"1999/04/03 14:00",1104.34167,16.24,TRADE
SA1,"1999/04/03 14:30",1098.64667,16.1,TRADE
SA1,"1999/04/03 15:00",1092.945,15.27,TRADE
SA1,"1999/04/03 15:30",1084.73333,14.15,TRADE
SA1,"1999/04/03 16:00",1080.6,13.93,TRADE
SA1,"1999/04/03 16:30",1075.89,13.97,TRADE
SA1,"1999/04/03 17:00",1069.38,14.4,TRADE
SA1,"1999/04/03 17:30",1089.73333,15.05,TRADE
SA1,"1999/04/03 18:00",1115.02167,15.54,TRADE
SA1,"1999/04/03 18:30",1147.60333,20.89,TRADE
SA1,"1999/04/03 19:00",1205.41333,24.39,TRADE
SA1,"1999/04/03 19:30",1262.56333,23.4,TRADE
SA1,"1999/04/03 20:00",1237.66833,21.28,TRADE
SA1,"1999/04/03 20:30",1212.97,19.58,TRADE
SA1,"1999/04/03 21:00",1198.25833,18.67,TRADE
SA1,"1999/04/03 21:30",1178.22667,16.63,TRADE
SA1,"1999/04/03 22:00",1163.95167,16.94,TRADE
SA1,"1999/04/03 22:30",1163.49833,17.87,TRADE
SA1,"1999/04/03 23:00",1197.7,19.44,TRADE
SA1,"1999/04/03 23:30",1217.47667,24.67,TRADE
SA1,"1999/04/04 00:00",1268.50167,41.5,TRADE
SA1,"1999/04/04 00:30",1307.53,62.26,TRADE
SA1,"1999/04/04 01:00",1368.055,62.26,TRADE
SA1,"1999/04/04 01:30",1292.74833,34.37,TRADE
SA1,"1999/04/04 02:00",1193.59,16.26,TRADE
SA1,"1999/04/04 02:30",1113.12,14.72,TRADE
SA1,"1999/04/04 03:00",1047.94167,14.31,TRADE
SA1,"1999/04/04 03:30",997.44333,13.94,TRADE
SA1,"1999/04/04 04:00",958.12167,13.11,TRADE
SA1,"1999/04/04 04:30",930.85833,10.98,TRADE
SA1,"1999/04/04 05:00",913.45,10.58,TRADE
SA1,"1999/04/04 05:30",903.47667,10.85,TRADE
SA1,"1999/04/04 06:00",905.96,11.5,TRADE
SA1,"1999/04/04 06:30",915.90333,12.7,TRADE
SA1,"1999/04/04 07:00",931.01833,12.79,TRADE
SA1,"1999/04/04 07:30",928.35833,12.66,TRADE
SA1,"1999/04/04 08:00",933.52667,12.92,TRADE
SA1,"1999/04/04 08:30",960.475,13.21,TRADE
SA1,"1999/04/04 09:00",1004.59667,13.44,TRADE
SA1,"1999/04/04 09:30",1028.82333,13.61,TRADE
SA1,"1999/04/04 10:00",1049.06167,13.88,TRADE
SA1,"1999/04/04 10:30",1066.26167,14.49,TRADE
SA1,"1999/04/04 11:00",1074.37833,15.45,TRADE
SA1,"1999/04/04 11:30",1076.22,16.72,TRADE
SA1,"1999/04/04 12:00",1081.92333,19.41,TRADE
SA1,"1999/04/04 12:30",1091.46833,17.95,TRADE
SA1,"1999/04/04 13:00",1097.99167,17.07,TRADE
SA1,"1999/04/04 13:30",1087.88333,16.58,TRADE
SA1,"1999/04/04 14:00",1072.92,14.14,TRADE
SA1,"1999/04/04 14:30",1065.67333,13.81,TRADE
SA1,"1999/04/04 15:00",1052.635,13.71,TRADE
SA1,"1999/04/04 15:30",1037.45167,13.63,TRADE
SA1,"1999/04/04 16:00",1025.99167,13.56,TRADE
SA1,"1999/04/04 16:30",1018.33167,13.53,TRADE
SA1,"1999/04/04 17:00",1023.55,13.63,TRADE
SA1,"1999/04/04 17:30",1054.545,13.67,TRADE
SA1,"1999/04/04 18:00",1073.645,16.32,TRADE
SA1,"1999/04/04 18:30",1093.06,17.51,TRADE
SA1,"1999/04/04 19:00",1167.69,18.08,TRADE
SA1,"1999/04/04 19:30",1220.97,16.41,TRADE
SA1,"1999/04/04 20:00",1195.34333,15.46,TRADE
SA1,"1999/04/04 20:30",1173.60333,15.2,TRADE
SA1,"1999/04/04 21:00",1152.56667,14.69,TRADE
SA1,"1999/04/04 21:30",1133.92167,14.28,TRADE
SA1,"1999/04/04 22:00",1109.02,14.4,TRADE
SA1,"1999/04/04 22:30",1107.54667,14.36,TRADE
SA1,"1999/04/04 23:00",1158.09167,15.44,TRADE
SA1,"1999/04/04 23:30",1160.27667,16.82,TRADE
SA1,"1999/04/05 00:00",1222.86167,41.23,TRADE
SA1,"1999/04/05 00:30",1246.85667,69.9,TRADE
SA1,"1999/04/05 01:00",1317.68,79.93,TRADE
SA1,"1999/04/05 01:30",1235.315,34.76,TRADE
SA1,"1999/04/05 02:00",1128.505,15.19,TRADE
SA1,"1999/04/05 02:30",1040.01,13.72,TRADE
SA1,"1999/04/05 03:00",988.61333,12.35,TRADE
SA1,"1999/04/05 03:30",933.465,9.31,TRADE
SA1,"1999/04/05 04:00",905.46833,9.14,TRADE
SA1,"1999/04/05 04:30",892.065,8.41,TRADE
SA1,"1999/04/05 05:00",883.95833,6.82,TRADE
SA1,"1999/04/05 05:30",883.85167,9.23,TRADE
SA1,"1999/04/05 06:00",888.79333,11.86,TRADE
SA1,"1999/04/05 06:30",909.315,13.15,TRADE
SA1,"1999/04/05 07:00",919.58333,12.96,TRADE
SA1,"1999/04/05 07:30",898.435,12.07,TRADE
SA1,"1999/04/05 08:00",895.77167,12.84,TRADE
SA1,"1999/04/05 08:30",920.89,13.05,TRADE
SA1,"1999/04/05 09:00",950.87833,13.98,TRADE
SA1,"1999/04/05 09:30",980.815,16.22,TRADE
SA1,"1999/04/05 10:00",984.25333,17.5,TRADE
SA1,"1999/04/05 10:30",992.9,16.84,TRADE
SA1,"1999/04/05 11:00",999.31,18.03,TRADE
SA1,"1999/04/05 11:30",1003.88,17.99,TRADE
SA1,"1999/04/05 12:00",1019.14,16.48,TRADE
SA1,"1999/04/05 12:30",1026.93,17.02,TRADE
SA1,"1999/04/05 13:00",1033.46667,17.19,TRADE
SA1,"1999/04/05 13:30",1022.27333,17.41,TRADE
SA1,"1999/04/05 14:00",1030.265,16.06,TRADE
SA1,"1999/04/05 14:30",1021.64167,15.87,TRADE
SA1,"1999/04/05 15:00",1021.44833,15.77,TRADE
SA1,"1999/04/05 15:30",1003.89,15.4,TRADE
SA1,"1999/04/05 16:00",988.98333,15.37,TRADE
SA1,"1999/04/05 16:30",1012.71833,15.67,TRADE
SA1,"1999/04/05 17:00",1001.09167,15.64,TRADE
SA1,"1999/04/05 17:30",1015.53333,16.55,TRADE
SA1,"1999/04/05 18:00",1074.82333,20.24,TRADE
SA1,"1999/04/05 18:30",1120.405,24.57,TRADE
SA1,"1999/04/05 19:00",1177.04667,23.14,TRADE
SA1,"1999/04/05 19:30",1224.84833,20.67,TRADE
SA1,"1999/04/05 20:00",1219.83833,18.72,TRADE
SA1,"1999/04/05 20:30",1205.54167,18.49,TRADE
SA1,"1999/04/05 21:00",1195.23667,16.62,TRADE
SA1,"1999/04/05 21:30",1178.15833,16.2,TRADE
SA1,"1999/04/05 22:00",1167.42333,16.17,TRADE
SA1,"1999/04/05 22:30",1161.37833,16.54,TRADE
SA1,"1999/04/05 23:00",1192.47167,16.82,TRADE
SA1,"1999/04/05 23:30",1200.485,21,TRADE
SA1,"1999/04/06 00:00",1245.36,22.29,TRADE
SA1,"1999/04/06 00:30",1292.715,57.37,TRADE
SA1,"1999/04/06 01:00",1364.09,69.9,TRADE
SA1,"1999/04/06 01:30",1296.815,35.82,TRADE
SA1,"1999/04/06 02:00",1203.34833,16.5,TRADE
SA1,"1999/04/06 02:30",1133.04,15.37,TRADE
SA1,"1999/04/06 03:00",1061.21333,14,TRADE
SA1,"1999/04/06 03:30",1010.985,13.51,TRADE
SA1,"1999/04/06 04:00",984.25167,12.53,TRADE
SA1,"1999/04/06 04:30",962.01333,9.45,TRADE
SA1,"1999/04/06 05:00",942.03,9.4,TRADE
SA1,"1999/04/06 05:30",951.52833,9.68,TRADE
SA1,"1999/04/06 06:00",978.78667,12.56,TRADE
SA1,"1999/04/06 06:30",1014.45333,14.84,TRADE
SA1,"1999/04/06 07:00",1076.71,15.7,TRADE
SA1,"1999/04/06 07:30",1123.735,15.21,TRADE
SA1,"1999/04/06 08:00",1182.5,16.56,TRADE
SA1,"1999/04/06 08:30",1240.835,18.46,TRADE
SA1,"1999/04/06 09:00",1305.66167,24.81,TRADE
SA1,"1999/04/06 09:30",1344.17833,34.51,TRADE
SA1,"1999/04/06 10:00",1351.36333,34.51,TRADE
SA1,"1999/04/06 10:30",1336.67667,30.22,TRADE
SA1,"1999/04/06 11:00",1340.80833,38.45,TRADE
SA1,"1999/04/06 11:30",1351.095,38.45,TRADE
SA1,"1999/04/06 12:00",1361.93167,37.79,TRADE
SA1,"1999/04/06 12:30",1383.215,34.51,TRADE
SA1,"1999/04/06 13:00",1389.735,35.17,TRADE
SA1,"1999/04/06 13:30",1392.75833,36.48,TRADE
SA1,"1999/04/06 14:00",1398.69167,37.14,TRADE
SA1,"1999/04/06 14:30",1396.93167,32.89,TRADE
SA1,"1999/04/06 15:00",1405.265,34.51,TRADE
SA1,"1999/04/06 15:30",1387.215,28.04,TRADE
SA1,"1999/04/06 16:00",1374.515,34.51,TRADE
SA1,"1999/04/06 16:30",1363.26833,34.51,TRADE
SA1,"1999/04/06 17:00",1343.65833,34.51,TRADE
SA1,"1999/04/06 17:30",1341.60167,34.51,TRADE
SA1,"1999/04/06 18:00",1345.68833,34.51,TRADE
SA1,"1999/04/06 18:30",1362.29333,34.51,TRADE
SA1,"1999/04/06 19:00",1417.47833,46.31,TRADE
SA1,"1999/04/06 19:30",1473.225,69.9,TRADE
SA1,"1999/04/06 20:00",1440.675,64,TRADE
SA1,"1999/04/06 20:30",1410.23333,34.51,TRADE
SA1,"1999/04/06 21:00",1379.97167,34.51,TRADE
SA1,"1999/04/06 21:30",1358.33167,34.51,TRADE
SA1,"1999/04/06 22:00",1337.17,34.51,TRADE
SA1,"1999/04/06 22:30",1325.81333,34.51,TRADE
SA1,"1999/04/06 23:00",1345.02833,40.48,TRADE
SA1,"1999/04/06 23:30",1340.57833,39.23,TRADE
SA1,"1999/04/07 00:00",1372.20333,41.47,TRADE
SA1,"1999/04/07 00:30",1396.79167,55.94,TRADE
SA1,"1999/04/07 01:00",1457.665,69.9,TRADE
SA1,"1999/04/07 01:30",1378.12167,41.71,TRADE
SA1,"1999/04/07 02:00",1267.69833,25.7,TRADE
SA1,"1999/04/07 02:30",1180.53833,16.52,TRADE
SA1,"1999/04/07 03:00",1113.92833,15.48,TRADE
SA1,"1999/04/07 03:30",1064.15333,14.25,TRADE
SA1,"1999/04/07 04:00",1028.62667,11.29,TRADE
SA1,"1999/04/07 04:30",1020.17333,12.35,TRADE
SA1,"1999/04/07 05:00",992.44,11.42,TRADE
SA1,"1999/04/07 05:30",997.28667,13,TRADE
SA1,"1999/04/07 06:00",1014.20167,14.39,TRADE
SA1,"1999/04/07 06:30",1060.14,16.2,TRADE
SA1,"1999/04/07 07:00",1123.40167,16.33,TRADE
SA1,"1999/04/07 07:30",1184.63833,16.35,TRADE
SA1,"1999/04/07 08:00",1247.34333,17.91,TRADE
SA1,"1999/04/07 08:30",1309.97167,35.64,TRADE
SA1,"1999/04/07 09:00",1365.18667,35.64,TRADE
SA1,"1999/04/07 09:30",1393.78,35.64,TRADE
SA1,"1999/04/07 10:00",1402.27833,35.64,TRADE
SA1,"1999/04/07 10:30",1386.51833,35.64,TRADE
SA1,"1999/04/07 11:00",1374.68833,35.64,TRADE
SA1,"1999/04/07 11:30",1370.55833,35.64,TRADE
SA1,"1999/04/07 12:00",1374.06167,35.64,TRADE
SA1,"1999/04/07 12:30",1382.25833,35.64,TRADE
SA1,"1999/04/07 13:00",1383.57333,35.64,TRADE
SA1,"1999/04/07 13:30",1397.045,35.64,TRADE
SA1,"1999/04/07 14:00",1413.35,35.64,TRADE
SA1,"1999/04/07 14:30",1412.34833,35.64,TRADE
SA1,"1999/04/07 15:00",1409.885,29.37,TRADE
SA1,"1999/04/07 15:30",1390.815,16.8,TRADE
SA1,"1999/04/07 16:00",1371.78167,16.74,TRADE
SA1,"1999/04/07 16:30",1357.30833,16.89,TRADE
SA1,"1999/04/07 17:00",1342.44167,17.95,TRADE
SA1,"1999/04/07 17:30",1354.295,44.12,TRADE
SA1,"1999/04/07 18:00",1378.16,55.29,TRADE
SA1,"1999/04/07 18:30",1403.10167,71.04,TRADE
SA1,"1999/04/07 19:00",1438.755,71.04,TRADE
SA1,"1999/04/07 19:30",1502.945,71.04,TRADE
SA1,"1999/04/07 20:00",1468.07333,71.04,TRADE
SA1,"1999/04/07 20:30",1453.25667,59.5,TRADE
SA1,"1999/04/07 21:00",1419.40667,28.93,TRADE
SA1,"1999/04/07 21:30",1392.295,18.28,TRADE
SA1,"1999/04/07 22:00",1375.99167,44.12,TRADE
SA1,"1999/04/07 22:30",1375.43333,54.59,TRADE
SA1,"1999/04/07 23:00",1399.805,54.59,TRADE
SA1,"1999/04/07 23:30",1384.665,61.95,TRADE
SA1,"1999/04/08 00:00",1402.09333,61.95,TRADE
SA1,"1999/04/08 00:30",1424.94,61.95,TRADE
SA1,"1999/04/08 01:00",1470.505,61.95,TRADE
SA1,"1999/04/08 01:30",1393.81833,35.64,TRADE
SA1,"1999/04/08 02:00",1300.23667,33.48,TRADE
SA1,"1999/04/08 02:30",1196.64667,17.69,TRADE
SA1,"1999/04/08 03:00",1133.74833,16.49,TRADE
SA1,"1999/04/08 03:30",1081.1,15.61,TRADE
SA1,"1999/04/08 04:00",1053.04833,14.37,TRADE
SA1,"1999/04/08 04:30",1035.33,13.75,TRADE
SA1,"1999/04/08 05:00",1029.08,14.46,TRADE
SA1,"1999/04/08 05:30",1023.48,14.01,TRADE
SA1,"1999/04/08 06:00",1043.29167,15.34,TRADE
SA1,"1999/04/08 06:30",1082.035,16.3,TRADE
SA1,"1999/04/08 07:00",1142.035,16.79,TRADE
SA1,"1999/04/08 07:30",1197.47333,16.44,TRADE
SA1,"1999/04/08 08:00",1237.24167,17.13,TRADE
SA1,"1999/04/08 08:30",1303.385,40.44,TRADE
SA1,"1999/04/08 09:00",1356.74333,61.95,TRADE
SA1,"1999/04/08 09:30",1384.85167,35.08,TRADE
SA1,"1999/04/08 10:00",1377.07333,17.79,TRADE
SA1,"1999/04/08 10:30",1378.35167,17.65,TRADE
SA1,"1999/04/08 11:00",1377.525,17.2,TRADE
SA1,"1999/04/08 11:30",1369.155,17.02,TRADE
SA1,"1999/04/08 12:00",1377.99833,17.11,TRADE
SA1,"1999/04/08 12:30",1384.24333,38.33,TRADE
SA1,"1999/04/08 13:00",1395.24333,32.18,TRADE
SA1,"1999/04/08 13:30",1391.08,17.23,TRADE
SA1,"1999/04/08 14:00",1408.06667,24.09,TRADE
SA1,"1999/04/08 14:30",1413.085,30.48,TRADE
SA1,"1999/04/08 15:00",1417.85167,25.04,TRADE
SA1,"1999/04/08 15:30",1396.31167,24.04,TRADE
SA1,"1999/04/08 16:00",1379.8,26.97,TRADE
SA1,"1999/04/08 16:30",1369.24167,37.19,TRADE
SA1,"1999/04/08 17:00",1359.42167,21.13,TRADE
SA1,"1999/04/08 17:30",1359.81833,17.17,TRADE
SA1,"1999/04/08 18:00",1374.57167,29.48,TRADE
SA1,"1999/04/08 18:30",1395.165,46.18,TRADE
SA1,"1999/04/08 19:00",1453.14167,71.04,TRADE
SA1,"1999/04/08 19:30",1485.32,71.04,TRADE
SA1,"1999/04/08 20:00",1465.02167,71.04,TRADE
SA1,"1999/04/08 20:30",1442.965,59.5,TRADE
SA1,"1999/04/08 21:00",1425.67,56.45,TRADE
SA1,"1999/04/08 21:30",1399.58167,41.21,TRADE
SA1,"1999/04/08 22:00",1361.96167,34.5,TRADE
SA1,"1999/04/08 22:30",1350.95667,46.05,TRADE
SA1,"1999/04/08 23:00",1394.77333,54.59,TRADE
SA1,"1999/04/08 23:30",1381.82167,61.95,TRADE
SA1,"1999/04/09 00:00",1417.63,61.95,TRADE
SA1,"1999/04/09 00:30",1431.28667,61.95,TRADE
SA1,"1999/04/09 01:00",1489.66667,61.95,TRADE
SA1,"1999/04/09 01:30",1406.87333,35.64,TRADE
SA1,"1999/04/09 02:00",1302.00333,29.07,TRADE
SA1,"1999/04/09 02:30",1203.09167,18.62,TRADE
SA1,"1999/04/09 03:00",1136.055,16.3,TRADE
SA1,"1999/04/09 03:30",1085.655,15.19,TRADE
SA1,"1999/04/09 04:00",1047.78,14.57,TRADE
SA1,"1999/04/09 04:30",1031.29167,12.86,TRADE
SA1,"1999/04/09 05:00",1031.83333,11.92,TRADE
SA1,"1999/04/09 05:30",1022.28333,12.7,TRADE
SA1,"1999/04/09 06:00",1038.85,14.36,TRADE
SA1,"1999/04/09 06:30",1072.41667,15.95,TRADE
SA1,"1999/04/09 07:00",1132.05167,16.25,TRADE
SA1,"1999/04/09 07:30",1178.67,16.05,TRADE
SA1,"1999/04/09 08:00",1238.97,16.84,TRADE
SA1,"1999/04/09 08:30",1303.59833,30.08,TRADE
SA1,"1999/04/09 09:00",1353.53833,34.89,TRADE
SA1,"1999/04/09 09:30",1390.50667,31.14,TRADE
SA1,"1999/04/09 10:00",1404.73667,31.14,TRADE
SA1,"1999/04/09 10:30",1397.21833,31.14,TRADE
SA1,"1999/04/09 11:00",1383.74333,31.14,TRADE
SA1,"1999/04/09 11:30",1400.515,39.79,TRADE
SA1,"1999/04/09 12:00",1415.40333,41.59,TRADE
SA1,"1999/04/09 12:30",1424.875,50.48,TRADE
SA1,"1999/04/09 13:00",1433.97333,59.5,TRADE
SA1,"1999/04/09 13:30",1427.63833,61.63,TRADE
SA1,"1999/04/09 14:00",1433.07167,62.89,TRADE
SA1,"1999/04/09 14:30",1451.33667,57.82,TRADE
SA1,"1999/04/09 15:00",1404.91167,39.53,TRADE
SA1,"1999/04/09 15:30",1431.18333,44.39,TRADE
SA1,"1999/04/09 16:00",1411.135,47.31,TRADE
SA1,"1999/04/09 16:30",1383.72833,37.85,TRADE
SA1,"1999/04/09 17:00",1364.37833,39.53,TRADE
SA1,"1999/04/09 17:30",1378.40833,58.49,TRADE
SA1,"1999/04/09 18:00",1355.365,39.33,TRADE
SA1,"1999/04/09 18:30",1360.67167,40.6,TRADE
SA1,"1999/04/09 19:00",1395.83833,46.18,TRADE
SA1,"1999/04/09 19:30",1421.21667,32.94,TRADE
SA1,"1999/04/09 20:00",1376.79667,20.12,TRADE
SA1,"1999/04/09 20:30",1344.74167,16.68,TRADE
SA1,"1999/04/09 21:00",1320.00667,16.57,TRADE
SA1,"1999/04/09 21:30",1297.92833,16.48,TRADE
SA1,"1999/04/09 22:00",1286.01,28.89,TRADE
SA1,"1999/04/09 22:30",1294.72667,42.57,TRADE
SA1,"1999/04/09 23:00",1347.66,54.59,TRADE
SA1,"1999/04/09 23:30",1350.87,61.95,TRADE
SA1,"1999/04/10 00:00",1390.82333,61.95,TRADE
SA1,"1999/04/10 00:30",1396.18333,61.95,TRADE
SA1,"1999/04/10 01:00",1439.70333,61.95,TRADE
SA1,"1999/04/10 01:30",1363.11167,35.64,TRADE
SA1,"1999/04/10 02:00",1247.87833,35.64,TRADE
SA1,"1999/04/10 02:30",1151.59833,31.14,TRADE
SA1,"1999/04/10 03:00",1088.98,31.14,TRADE
SA1,"1999/04/10 03:30",1036.56667,25.96,TRADE
SA1,"1999/04/10 04:00",996.07667,16.17,TRADE
SA1,"1999/04/10 04:30",975.24,10.72,TRADE
SA1,"1999/04/10 05:00",968.12333,11.08,TRADE
SA1,"1999/04/10 05:30",953.035,11.27,TRADE
SA1,"1999/04/10 06:00",951.545,11.7,TRADE
SA1,"1999/04/10 06:30",972.47167,13.8,TRADE
SA1,"1999/04/10 07:00",1001.44167,13.8,TRADE
SA1,"1999/04/10 07:30",1001.255,13.67,TRADE
SA1,"1999/04/10 08:00",1017.50833,16.25,TRADE
SA1,"1999/04/10 08:30",1062.99333,29.86,TRADE
SA1,"1999/04/10 09:00",1097.96,31.85,TRADE
SA1,"1999/04/10 09:30",1126.93333,24.81,TRADE
SA1,"1999/04/10 10:00",1161.37167,21.35,TRADE
SA1,"1999/04/10 10:30",1172.77833,19.62,TRADE
SA1,"1999/04/10 11:00",1186.68833,24.81,TRADE
SA1,"1999/04/10 11:30",1185.51833,22.81,TRADE
SA1,"1999/04/10 12:00",1199.19667,26.91,TRADE
SA1,"1999/04/10 12:30",1198.91667,27.54,TRADE
SA1,"1999/04/10 13:00",1196.59833,30.83,TRADE
SA1,"1999/04/10 13:30",1201.16667,44.18,TRADE
SA1,"1999/04/10 14:00",1195.19833,32.85,TRADE
SA1,"1999/04/10 14:30",1188.54667,25.28,TRADE
SA1,"1999/04/10 15:00",1177.67,24.81,TRADE
SA1,"1999/04/10 15:30",1167.155,25.18,TRADE
SA1,"1999/04/10 16:00",1149.13333,20.64,TRADE
SA1,"1999/04/10 16:30",1151.24667,19.67,TRADE
SA1,"1999/04/10 17:00",1157.755,19.62,TRADE
SA1,"1999/04/10 17:30",1185.51167,20.99,TRADE
SA1,"1999/04/10 18:00",1203.34667,26.81,TRADE
SA1,"1999/04/10 18:30",1245.20667,32.8,TRADE
SA1,"1999/04/10 19:00",1294.84667,34.72,TRADE
SA1,"1999/04/10 19:30",1295.52333,29.65,TRADE
SA1,"1999/04/10 20:00",1255.44,24.84,TRADE
SA1,"1999/04/10 20:30",1226.43833,20.91,TRADE
SA1,"1999/04/10 21:00",1210.16167,21.07,TRADE
SA1,"1999/04/10 21:30",1192.58,19.62,TRADE
SA1,"1999/04/10 22:00",1182.525,24.81,TRADE
SA1,"1999/04/10 22:30",1166.87333,24.81,TRADE
SA1,"1999/04/10 23:00",1217.11333,27.67,TRADE
SA1,"1999/04/10 23:30",1231.65167,37.45,TRADE
SA1,"1999/04/11 00:00",1281.135,51.17,TRADE
SA1,"1999/04/11 00:30",1325.65833,62.26,TRADE
SA1,"1999/04/11 01:00",1385.62167,62.26,TRADE
SA1,"1999/04/11 01:30",1301,31.43,TRADE
SA1,"1999/04/11 02:00",1196.93833,30.58,TRADE
SA1,"1999/04/11 02:30",1105.27333,28.88,TRADE
SA1,"1999/04/11 03:00",1043.38333,26.17,TRADE
SA1,"1999/04/11 03:30",996.92833,23.08,TRADE
SA1,"1999/04/11 04:00",958.225,14.06,TRADE
SA1,"1999/04/11 04:30",924.855,10.72,TRADE
SA1,"1999/04/11 05:00",913.20333,10.68,TRADE
SA1,"1999/04/11 05:30",907.05167,9.96,TRADE
SA1,"1999/04/11 06:00",905.83167,10.48,TRADE
SA1,"1999/04/11 06:30",910.16167,12.69,TRADE
SA1,"1999/04/11 07:00",921.05833,11.19,TRADE
SA1,"1999/04/11 07:30",900.90667,11.9,TRADE
SA1,"1999/04/11 08:00",905.635,13.37,TRADE
SA1,"1999/04/11 08:30",936.035,14.81,TRADE
SA1,"1999/04/11 09:00",966.54333,15.66,TRADE
SA1,"1999/04/11 09:30",1001.21167,18.49,TRADE
SA1,"1999/04/11 10:00",1030.94333,19.16,TRADE
SA1,"1999/04/11 10:30",1044.09167,18.26,TRADE
SA1,"1999/04/11 11:00",1062.49667,19.62,TRADE
SA1,"1999/04/11 11:30",1072.685,19.62,TRADE
SA1,"1999/04/11 12:00",1101.205,23.59,TRADE
SA1,"1999/04/11 12:30",1112.29333,19.64,TRADE
SA1,"1999/04/11 13:00",1126.48333,20.13,TRADE
SA1,"1999/04/11 13:30",1123.14833,19.62,TRADE
SA1,"1999/04/11 14:00",1124.04833,19.62,TRADE
SA1,"1999/04/11 14:30",1119.97833,19.62,TRADE
SA1,"1999/04/11 15:00",1127.01333,19.62,TRADE
SA1,"1999/04/11 15:30",1112.86167,19.62,TRADE
SA1,"1999/04/11 16:00",1099.90667,19.62,TRADE
SA1,"1999/04/11 16:30",1107.93333,19.62,TRADE
SA1,"1999/04/11 17:00",1109.305,19.62,TRADE
SA1,"1999/04/11 17:30",1130.00833,19.62,TRADE
SA1,"1999/04/11 18:00",1165.20333,21.03,TRADE
SA1,"1999/04/11 18:30",1202.22,27.74,TRADE
SA1,"1999/04/11 19:00",1270.81167,29.84,TRADE
SA1,"1999/04/11 19:30",1299.45667,26.75,TRADE
SA1,"1999/04/11 20:00",1271.455,23.99,TRADE
SA1,"1999/04/11 20:30",1249.61,23.22,TRADE
SA1,"1999/04/11 21:00",1235.26,21.85,TRADE
SA1,"1999/04/11 21:30",1206.125,19.65,TRADE
SA1,"1999/04/11 22:00",1202.21667,19.62,TRADE
SA1,"1999/04/11 22:30",1198.78,19.62,TRADE
SA1,"1999/04/11 23:00",1254.65167,21.15,TRADE
SA1,"1999/04/11 23:30",1270.47667,24.05,TRADE
SA1,"1999/04/12 00:00",1326.345,43.13,TRADE
SA1,"1999/04/12 00:30",1347.46,43.54,TRADE
SA1,"1999/04/12 01:00",1410.76,62.26,TRADE
SA1,"1999/04/12 01:30",1312.84833,32.94,TRADE
SA1,"1999/04/12 02:00",1202.82667,20.49,TRADE
SA1,"1999/04/12 02:30",1128.11,19.62,TRADE
SA1,"1999/04/12 03:00",1072.31,19.62,TRADE
SA1,"1999/04/12 03:30",1038.22167,19.62,TRADE
SA1,"1999/04/12 04:00",1011.10833,15.8,TRADE
SA1,"1999/04/12 04:30",991.265,14.41,TRADE
SA1,"1999/04/12 05:00",972.65333,14.91,TRADE
SA1,"1999/04/12 05:30",964.17667,14,TRADE
SA1,"1999/04/12 06:00",972.10667,15.86,TRADE
SA1,"1999/04/12 06:30",1003.72167,17.16,TRADE
SA1,"1999/04/12 07:00",1068.92167,17.19,TRADE
SA1,"1999/04/12 07:30",1095.57333,16.89,TRADE
SA1,"1999/04/12 08:00",1158.50833,17.5,TRADE
SA1,"1999/04/12 08:30",1227.65,20.52,TRADE
SA1,"1999/04/12 09:00",1305.98333,28.35,TRADE
SA1,"1999/04/12 09:30",1378.24,61.95,TRADE
SA1,"1999/04/12 10:00",1414.06167,61.95,TRADE
SA1,"1999/04/12 10:30",1447.75333,93.41,TRADE
SA1,"1999/04/12 11:00",1466.865,126.51,TRADE
SA1,"1999/04/12 11:30",1501.765,92.99,TRADE
SA1,"1999/04/12 12:00",1504.02333,126.49,TRADE
SA1,"1999/04/12 12:30",1528.80667,159.96,TRADE
SA1,"1999/04/12 13:00",1532.99167,159.96,TRADE
SA1,"1999/04/12 13:30",1537.80667,127.31,TRADE
SA1,"1999/04/12 14:00",1566.605,125.66,TRADE
SA1,"1999/04/12 14:30",1564.81,91.3,TRADE
SA1,"1999/04/12 15:00",1574.715,391.88,TRADE
SA1,"1999/04/12 15:30",1559.565,120.74,TRADE
SA1,"1999/04/12 16:00",1554.02333,153.32,TRADE
SA1,"1999/04/12 16:30",1538.79667,123.24,TRADE
SA1,"1999/04/12 17:00",1512.54667,74.7,TRADE
SA1,"1999/04/12 17:30",1496.97833,61.95,TRADE
SA1,"1999/04/12 18:00",1485.82667,61.95,TRADE
SA1,"1999/04/12 18:30",1483.01333,71.04,TRADE
SA1,"1999/04/12 19:00",1505.13167,71.04,TRADE
SA1,"1999/04/12 19:30",1501.03667,71.04,TRADE
SA1,"1999/04/12 20:00",1446.63,68.32,TRADE
SA1,"1999/04/12 20:30",1399.00167,59.5,TRADE
SA1,"1999/04/12 21:00",1359.63333,59.5,TRADE
SA1,"1999/04/12 21:30",1326.06667,36.01,TRADE
SA1,"1999/04/12 22:00",0,21.63,TRADE
SA1,"1999/04/12 22:30",1321.58333,39.4,TRADE
SA1,"1999/04/12 23:00",1357.85,54.59,TRADE
SA1,"1999/04/12 23:30",1372.16,61.95,TRADE
SA1,"1999/04/13 00:00",1403.725,61.95,TRADE
SA1,"1999/04/13 00:30",1424.865,71.04,TRADE
SA1,"1999/04/13 01:00",1462.865,71.18,TRADE
SA1,"1999/04/13 01:30",1379.61333,54.59,TRADE
SA1,"1999/04/13 02:00",1264.125,26.34,TRADE
SA1,"1999/04/13 02:30",1167.75667,18.72,TRADE
SA1,"1999/04/13 03:00",1123.39,17.77,TRADE
SA1,"1999/04/13 03:30",1078.77833,17.61,TRADE
SA1,"1999/04/13 04:00",1050.105,17.61,TRADE
SA1,"1999/04/13 04:30",1028.5,17.61,TRADE
SA1,"1999/04/13 05:00",1018.50667,17.08,TRADE
SA1,"1999/04/13 05:30",1018.77667,16.04,TRADE
SA1,"1999/04/13 06:00",1029.87,17.61,TRADE
SA1,"1999/04/13 06:30",1049.85333,18.56,TRADE
SA1,"1999/04/13 07:00",1117.75333,19.88,TRADE
SA1,"1999/04/13 07:30",1156.23833,17.47,TRADE
SA1,"1999/04/13 08:00",1204.83667,20.31,TRADE
SA1,"1999/04/13 08:30",1278.10833,31.14,TRADE
SA1,"1999/04/13 09:00",1333.08167,45.02,TRADE
SA1,"1999/04/13 09:30",1374.42333,61.95,TRADE
SA1,"1999/04/13 10:00",1404.29,61.95,TRADE
SA1,"1999/04/13 10:30",1406.635,59.5,TRADE
SA1,"1999/04/13 11:00",1428.39667,59.71,TRADE
SA1,"1999/04/13 11:30",1455.96,94.17,TRADE
SA1,"1999/04/13 12:00",1465.165,59.5,TRADE
SA1,"1999/04/13 12:30",1477.39667,60.82,TRADE
SA1,"1999/04/13 13:00",1479.37167,59.81,TRADE
SA1,"1999/04/13 13:30",1525.66833,1233.02,TRADE
SA1,"1999/04/13 14:00",1526.94167,143.67,TRADE
SA1,"1999/04/13 14:30",1535.615,159.06,TRADE
SA1,"1999/04/13 15:00",1545.74833,126.49,TRADE
SA1,"1999/04/13 15:30",1532.815,154.54,TRADE
SA1,"1999/04/13 16:00",1519.02833,140.92,TRADE
SA1,"1999/04/13 16:30",1493.26333,76.24,TRADE
SA1,"1999/04/13 17:00",1474.53667,92.99,TRADE
SA1,"1999/04/13 17:30",1452.53667,77.38,TRADE
SA1,"1999/04/13 18:00",1442.30833,77.52,TRADE
SA1,"1999/04/13 18:30",1448.40167,71.14,TRADE
SA1,"1999/04/13 19:00",1486.04,71.04,TRADE
SA1,"1999/04/13 19:30",1483.28,71.04,TRADE
SA1,"1999/04/13 20:00",1453.78167,71.04,TRADE
SA1,"1999/04/13 20:30",1412.41167,59.5,TRADE
SA1,"1999/04/13 21:00",1382.79167,59.5,TRADE
SA1,"1999/04/13 21:30",1346.56667,36.85,TRADE
SA1,"1999/04/13 22:00",1326.62,31.14,TRADE
SA1,"1999/04/13 22:30",1329.62333,31.14,TRADE
SA1,"1999/04/13 23:00",1350.69333,31.14,TRADE
SA1,"1999/04/13 23:30",1361.98333,32.95,TRADE
SA1,"1999/04/14 00:00",1375.44,46.55,TRADE
SA1,"1999/04/14 00:30",1414.48167,71.04,TRADE
SA1,"1999/04/14 01:00",1454.10833,71.04,TRADE
SA1,"1999/04/14 01:30",1370.41167,42.87,TRADE
SA1,"1999/04/14 02:00",1269.35,26.63,TRADE
SA1,"1999/04/14 02:30",1175.65167,17.61,TRADE
SA1,"1999/04/14 03:00",1113.495,17.61,TRADE
SA1,"1999/04/14 03:30",1067.67833,17.61,TRADE
SA1,"1999/04/14 04:00",1049.73,15.27,TRADE
SA1,"1999/04/14 04:30",1033.795,16.32,TRADE
SA1,"1999/04/14 05:00",1022.19167,15.57,TRADE
SA1,"1999/04/14 05:30",1030.26167,13.06,TRADE
SA1,"1999/04/14 06:00",1050.565,15.9,TRADE
SA1,"1999/04/14 06:30",1073.70833,17.67,TRADE
SA1,"1999/04/14 07:00",1149.62333,19.35,TRADE
SA1,"1999/04/14 07:30",1193.14667,21.98,TRADE
SA1,"1999/04/14 08:00",1256.38,71.94,TRADE
SA1,"1999/04/14 08:30",1331.58667,1338.88,TRADE
SA1,"1999/04/14 09:00",1366.565,102.49,TRADE
SA1,"1999/04/14 09:30",1410.57167,150.63,TRADE
SA1,"1999/04/14 10:00",1411.88333,916.83,TRADE
SA1,"1999/04/14 10:30",1414.88167,1583.2,TRADE
SA1,"1999/04/14 11:00",1423.35333,1325.33,TRADE
SA1,"1999/04/14 11:30",1420.49667,143.63,TRADE
SA1,"1999/04/14 12:00",1435.83167,1974.96,TRADE
SA1,"1999/04/14 12:30",1455.235,2376.64,TRADE
SA1,"1999/04/14 13:00",1446.04833,1707.17,TRADE
SA1,"1999/04/14 13:30",1444.79667,1298.67,TRADE
SA1,"1999/04/14 14:00",1458.09333,1707.17,TRADE
SA1,"1999/04/14 14:30",1457.105,1707.17,TRADE
SA1,"1999/04/14 15:00",1454.41333,1707.17,TRADE
SA1,"1999/04/14 15:30",1444.65833,367.7,TRADE
SA1,"1999/04/14 16:00",1416.65333,1571.81,TRADE
SA1,"1999/04/14 16:30",1418.965,4438.66,TRADE
SA1,"1999/04/14 17:00",1370.27667,26.24,TRADE
SA1,"1999/04/14 17:30",1377.95167,21.32,TRADE
SA1,"1999/04/14 18:00",1391.515,24.13,TRADE
SA1,"1999/04/14 18:30",1418.21667,31.14,TRADE
SA1,"1999/04/14 19:00",1469.12333,38.66,TRADE
SA1,"1999/04/14 19:30",1485.02333,32.95,TRADE
SA1,"1999/04/14 20:00",1458.655,57.04,TRADE
SA1,"1999/04/14 20:30",1424.09167,59.5,TRADE
SA1,"1999/04/14 21:00",1398.62333,59.5,TRADE
SA1,"1999/04/14 21:30",1373.08167,54.59,TRADE
SA1,"1999/04/14 22:00",1362.055,42.87,TRADE
SA1,"1999/04/14 22:30",1373.18667,1464.19,TRADE
SA1,"1999/04/14 23:00",1400.59333,1333.78,TRADE
SA1,"1999/04/14 23:30",1408.15,129.15,TRADE
SA1,"1999/04/15 00:00",1391.41333,61.95,TRADE
SA1,"1999/04/15 00:30",1442.38667,71.08,TRADE
SA1,"1999/04/15 01:00",1473.16833,80.54,TRADE
SA1,"1999/04/15 01:30",1394.83667,36.56,TRADE
SA1,"1999/04/15 02:00",1300.25667,28.89,TRADE
SA1,"1999/04/15 02:30",1188.08,32.95,TRADE
SA1,"1999/04/15 03:00",1121.41667,31.14,TRADE
SA1,"1999/04/15 03:30",1102.29333,32.64,TRADE
SA1,"1999/04/15 04:00",1062.98167,28.89,TRADE
SA1,"1999/04/15 04:30",1040.395,18.28,TRADE
SA1,"1999/04/15 05:00",1035.92333,17.61,TRADE
SA1,"1999/04/15 05:30",1032.56833,17.61,TRADE
SA1,"1999/04/15 06:00",1048.36833,17.61,TRADE
SA1,"1999/04/15 06:30",1070.84167,22.31,TRADE
SA1,"1999/04/15 07:00",1147.19833,31.14,TRADE
SA1,"1999/04/15 07:30",1177.85333,40.59,TRADE
SA1,"1999/04/15 08:00",1228.22833,59.5,TRADE
SA1,"1999/04/15 08:30",1293.79833,61.95,TRADE
SA1,"1999/04/15 09:00",1360.49833,61.95,TRADE
SA1,"1999/04/15 09:30",1399.77167,62.01,TRADE
SA1,"1999/04/15 10:00",1413.94833,93.96,TRADE
SA1,"1999/04/15 10:30",1410.44333,45.37,TRADE
SA1,"1999/04/15 11:00",1401.925,31.16,TRADE
SA1,"1999/04/15 11:30",1419.455,31.15,TRADE
SA1,"1999/04/15 12:00",1423.87667,31.14,TRADE
SA1,"1999/04/15 12:30",1434.58167,31.14,TRADE
SA1,"1999/04/15 13:00",1410.02833,31.14,TRADE
SA1,"1999/04/15 13:30",1415.20333,31.14,TRADE
SA1,"1999/04/15 14:00",1444.65833,31.14,TRADE
SA1,"1999/04/15 14:30",1454.96667,31.14,TRADE
SA1,"1999/04/15 15:00",1450.845,31.14,TRADE
SA1,"1999/04/15 15:30",1428.92833,31.14,TRADE
SA1,"1999/04/15 16:00",1412.38833,31.14,TRADE
SA1,"1999/04/15 16:30",1400.28333,31.14,TRADE
SA1,"1999/04/15 17:00",1374.24667,31.14,TRADE
SA1,"1999/04/15 17:30",1383.39,31.14,TRADE
SA1,"1999/04/15 18:00",1398.82,31.14,TRADE
SA1,"1999/04/15 18:30",1434.89,31.14,TRADE
SA1,"1999/04/15 19:00",1495.04,31.14,TRADE
SA1,"1999/04/15 19:30",1525.65667,31.15,TRADE
SA1,"1999/04/15 20:00",1512.74167,71.14,TRADE
SA1,"1999/04/15 20:30",1482.94667,59.63,TRADE
SA1,"1999/04/15 21:00",1454.19667,59.56,TRADE
SA1,"1999/04/15 21:30",1430.155,46.8,TRADE
SA1,"1999/04/15 22:00",1398.72,31.19,TRADE
SA1,"1999/04/15 22:30",1383.18167,31.14,TRADE
SA1,"1999/04/15 23:00",1413.82333,33.09,TRADE
SA1,"1999/04/15 23:30",1428.49333,41.96,TRADE
SA1,"1999/04/16 00:00",1470.41667,62.18,TRADE
SA1,"1999/04/16 00:30",1494.51833,100.94,TRADE
SA1,"1999/04/16 01:00",1540.53333,966.89,TRADE
SA1,"1999/04/16 01:30",1443.86667,82.02,TRADE
SA1,"1999/04/16 02:00",1334.74667,117.02,TRADE
SA1,"1999/04/16 02:30",1238.03,31.14,TRADE
SA1,"1999/04/16 03:00",1169.335,31.14,TRADE
SA1,"1999/04/16 03:30",1115.48333,26.39,TRADE
SA1,"1999/04/16 04:00",1092.025,20.96,TRADE
SA1,"1999/04/16 04:30",1071.12833,17.61,TRADE
SA1,"1999/04/16 05:00",1049.345,17.61,TRADE
SA1,"1999/04/16 05:30",1052.4,17.61,TRADE
SA1,"1999/04/16 06:00",1066.47833,18.03,TRADE
SA1,"1999/04/16 06:30",1098.15333,21.88,TRADE
SA1,"1999/04/16 07:00",1170.64167,31.14,TRADE
SA1,"1999/04/16 07:30",1193.095,31.14,TRADE
SA1,"1999/04/16 08:00",1263.74333,56.58,TRADE
SA1,"1999/04/16 08:30",1329.615,61.95,TRADE
SA1,"1999/04/16 09:00",1390.45833,61.98,TRADE
SA1,"1999/04/16 09:30",1432.49667,62.09,TRADE
SA1,"1999/04/16 10:00",1450.93667,62.04,TRADE
SA1,"1999/04/16 10:30",1418.83667,59.57,TRADE
SA1,"1999/04/16 11:00",1416.15333,59.52,TRADE
SA1,"1999/04/16 11:30",1424.28667,59.5,TRADE
SA1,"1999/04/16 12:00",1424.10833,59.5,TRADE
SA1,"1999/04/16 12:30",1432.34667,61.95,TRADE
SA1,"1999/04/16 13:00",1405.19667,61.13,TRADE
SA1,"1999/04/16 13:30",1407.5,61.95,TRADE
SA1,"1999/04/16 14:00",1449.65167,61.95,TRADE
SA1,"1999/04/16 14:30",1411.74333,59.91,TRADE
SA1,"1999/04/16 15:00",1409.39,59.5,TRADE
SA1,"1999/04/16 15:30",1393.24833,59.5,TRADE
SA1,"1999/04/16 16:00",1365.11,59.5,TRADE
SA1,"1999/04/16 16:30",1353.83167,54.59,TRADE
SA1,"1999/04/16 17:00",1342.27667,54.59,TRADE
SA1,"1999/04/16 17:30",1354.26,31.26,TRADE
SA1,"1999/04/16 18:00",1372.525,40.03,TRADE
SA1,"1999/04/16 18:30",1386.78333,54.59,TRADE
SA1,"1999/04/16 19:00",1471.99167,54.74,TRADE
SA1,"1999/04/16 19:30",1486.41667,54.7,TRADE
SA1,"1999/04/16 20:00",1462.11833,68.32,TRADE
SA1,"1999/04/16 20:30",1420.39333,59.54,TRADE
SA1,"1999/04/16 21:00",1386.95667,59.5,TRADE
SA1,"1999/04/16 21:30",1380.185,54.59,TRADE
SA1,"1999/04/16 22:00",1371.97167,54.59,TRADE
SA1,"1999/04/16 22:30",1367.46333,54.59,TRADE
SA1,"1999/04/16 23:00",1411.12667,54.67,TRADE
SA1,"1999/04/16 23:30",1411.37667,61.98,TRADE
SA1,"1999/04/17 00:00",1451.245,62.1,TRADE
SA1,"1999/04/17 00:30",1458.87833,71.04,TRADE
SA1,"1999/04/17 01:00",1493.59667,71.17,TRADE
SA1,"1999/04/17 01:30",1387.86333,54.59,TRADE
SA1,"1999/04/17 02:00",1274.115,48.58,TRADE
SA1,"1999/04/17 02:30",1191.47,39.97,TRADE
SA1,"1999/04/17 03:00",1120.22,31.14,TRADE
SA1,"1999/04/17 03:30",1077.78,31.14,TRADE
SA1,"1999/04/17 04:00",1045.17,21.63,TRADE
SA1,"1999/04/17 04:30",1016.44333,24.81,TRADE
SA1,"1999/04/17 05:00",997.565,23.08,TRADE
SA1,"1999/04/17 05:30",986.68667,19.62,TRADE
SA1,"1999/04/17 06:00",999.29667,23.08,TRADE
SA1,"1999/04/17 06:30",1010.49667,24.81,TRADE
SA1,"1999/04/17 07:00",1041.585,23.95,TRADE
SA1,"1999/04/17 07:30",1051.03167,24.81,TRADE
SA1,"1999/04/17 08:00",1078.09167,24.81,TRADE
SA1,"1999/04/17 08:30",1112.67,24.81,TRADE
SA1,"1999/04/17 09:00",1150.15,24.81,TRADE
SA1,"1999/04/17 09:30",1194.94833,32.95,TRADE
SA1,"1999/04/17 10:00",1212.77,32.95,TRADE
SA1,"1999/04/17 10:30",1213.01167,38.04,TRADE
SA1,"1999/04/17 11:00",1209.745,38.04,TRADE
SA1,"1999/04/17 11:30",1218.11833,27.02,TRADE
SA1,"1999/04/17 12:00",1207.83,31.43,TRADE
SA1,"1999/04/17 12:30",1210.85,24.81,TRADE
SA1,"1999/04/17 13:00",1208.12667,42.04,TRADE
SA1,"1999/04/17 13:30",1206.31167,42.04,TRADE
SA1,"1999/04/17 14:00",1208.655,42.04,TRADE
SA1,"1999/04/17 14:30",1200.905,38.04,TRADE
SA1,"1999/04/17 15:00",1193.59333,25.76,TRADE
SA1,"1999/04/17 15:30",1180.76833,28.51,TRADE
SA1,"1999/04/17 16:00",1160.28333,19.62,TRADE
SA1,"1999/04/17 16:30",1120.27667,18.33,TRADE
SA1,"1999/04/17 17:00",1126.23167,17.12,TRADE
SA1,"1999/04/17 17:30",1159.71167,17.13,TRADE
SA1,"1999/04/17 18:00",1195.73,20.84,TRADE
SA1,"1999/04/17 18:30",1253.93,27.23,TRADE
SA1,"1999/04/17 19:00",1341.125,24.93,TRADE
SA1,"1999/04/17 19:30",1363.66333,23.95,TRADE
SA1,"1999/04/17 20:00",1326.13333,30.53,TRADE
SA1,"1999/04/17 20:30",1292.51667,23.95,TRADE
SA1,"1999/04/17 21:00",1275.23667,22.56,TRADE
SA1,"1999/04/17 21:30",1257.69833,24.81,TRADE
SA1,"1999/04/17 22:00",1249.61833,24.81,TRADE
SA1,"1999/04/17 22:30",1243.02167,24.81,TRADE
SA1,"1999/04/17 23:00",1281.44333,24.81,TRADE
SA1,"1999/04/17 23:30",1296.41667,25.26,TRADE
SA1,"1999/04/18 00:00",1351.89,39.78,TRADE
SA1,"1999/04/18 00:30",1391.52,62.26,TRADE
SA1,"1999/04/18 01:00",1446.94833,62.26,TRADE
SA1,"1999/04/18 01:30",1359.93833,38.04,TRADE
SA1,"1999/04/18 02:00",1231.31,24.81,TRADE
SA1,"1999/04/18 02:30",1148.71,24.81,TRADE
SA1,"1999/04/18 03:00",1085.80167,24.81,TRADE
SA1,"1999/04/18 03:30",1032.425,24.81,TRADE
SA1,"1999/04/18 04:00",985.95667,23.95,TRADE
SA1,"1999/04/18 04:30",950.43167,19.62,TRADE
SA1,"1999/04/18 05:00",943.98667,19.62,TRADE
SA1,"1999/04/18 05:30",931.77,19.62,TRADE
SA1,"1999/04/18 06:00",928.08167,19.62,TRADE
SA1,"1999/04/18 06:30",934.03833,19.62,TRADE
SA1,"1999/04/18 07:00",940.02333,19.62,TRADE
SA1,"1999/04/18 07:30",934.135,19.62,TRADE
SA1,"1999/04/18 08:00",935.85667,19.62,TRADE
SA1,"1999/04/18 08:30",965.39,19.62,TRADE
SA1,"1999/04/18 09:00",1006.53,19.62,TRADE
SA1,"1999/04/18 09:30",1033.17,19.62,TRADE
SA1,"1999/04/18 10:00",1049.19167,19.62,TRADE
SA1,"1999/04/18 10:30",1055.565,19.62,TRADE
SA1,"1999/04/18 11:00",1063.71,23.95,TRADE
SA1,"1999/04/18 11:30",1070.22667,19.62,TRADE
SA1,"1999/04/18 12:00",1091.58833,19.62,TRADE
SA1,"1999/04/18 12:30",1111.89667,19.62,TRADE
SA1,"1999/04/18 13:00",1124.30333,19.62,TRADE
SA1,"1999/04/18 13:30",1121.3,19.62,TRADE
SA1,"1999/04/18 14:00",1118.52333,19.62,TRADE
SA1,"1999/04/18 14:30",1115.73,19.62,TRADE
SA1,"1999/04/18 15:00",1118.03333,19.62,TRADE
SA1,"1999/04/18 15:30",1110.28667,19.62,TRADE
SA1,"1999/04/18 16:00",1101.84167,19.62,TRADE
SA1,"1999/04/18 16:30",1087.73333,19.62,TRADE
SA1,"1999/04/18 17:00",1088.7,19.62,TRADE
SA1,"1999/04/18 17:30",1115.535,19.62,TRADE
SA1,"1999/04/18 18:00",1141.00167,21.87,TRADE
SA1,"1999/04/18 18:30",1221.28333,29.4,TRADE
SA1,"1999/04/18 19:00",1331.28833,47.26,TRADE
SA1,"1999/04/18 19:30",1335.625,47.26,TRADE
SA1,"1999/04/18 20:00",1308.56333,47.26,TRADE
SA1,"1999/04/18 20:30",1300.22167,47.26,TRADE
SA1,"1999/04/18 21:00",1282.42167,47.26,TRADE
SA1,"1999/04/18 21:30",1266.86667,33.63,TRADE
SA1,"1999/04/18 22:00",1248.65833,24.81,TRADE
SA1,"1999/04/18 22:30",1228.04333,24.81,TRADE
SA1,"1999/04/18 23:00",1276.40333,36.29,TRADE
SA1,"1999/04/18 23:30",1272.09,27.9,TRADE
SA1,"1999/04/19 00:00",1335.445,47.26,TRADE
SA1,"1999/04/19 00:30",1377.39833,62.26,TRADE
SA1,"1999/04/19 01:00",1439.06667,78.54,TRADE
SA1,"1999/04/19 01:30",1356.13333,47.26,TRADE
SA1,"1999/04/19 02:00",1263.11833,30.53,TRADE
SA1,"1999/04/19 02:30",1170.25167,22.22,TRADE
SA1,"1999/04/19 03:00",1111.93833,19.62,TRADE
SA1,"1999/04/19 03:30",1056.97333,19.62,TRADE
SA1,"1999/04/19 04:00",1016.60167,19.62,TRADE
SA1,"1999/04/19 04:30",1006.985,17.61,TRADE
SA1,"1999/04/19 05:00",995.18,17.61,TRADE
SA1,"1999/04/19 05:30",997.75167,17.61,TRADE
SA1,"1999/04/19 06:00",1028.105,17.61,TRADE
SA1,"1999/04/19 06:30",1068.63333,18.05,TRADE
SA1,"1999/04/19 07:00",1123.98667,21.13,TRADE
SA1,"1999/04/19 07:30",1168.84833,18.11,TRADE
SA1,"1999/04/19 08:00",1237.53333,20.42,TRADE
SA1,"1999/04/19 08:30",1324.86833,130.29,TRADE
SA1,"1999/04/19 09:00",1368.90167,155.94,TRADE
SA1,"1999/04/19 09:30",1385.84833,127.02,TRADE
SA1,"1999/04/19 10:00",1401.76333,61.95,TRADE
SA1,"1999/04/19 10:30",1420.62667,155.94,TRADE
SA1,"1999/04/19 11:00",1420.27,79.96,TRADE
SA1,"1999/04/19 11:30",1431.57167,65.91,TRADE
SA1,"1999/04/19 12:00",1436.36667,88.37,TRADE
SA1,"1999/04/19 12:30",1455.99,54.59,TRADE
SA1,"1999/04/19 13:00",1449.355,43.83,TRADE
SA1,"1999/04/19 13:30",1444.1,28.23,TRADE
SA1,"1999/04/19 14:00",1466.69,87.61,TRADE
SA1,"1999/04/19 14:30",1467.65667,25.15,TRADE
SA1,"1999/04/19 15:00",1468.52333,58.96,TRADE
SA1,"1999/04/19 15:30",1449.505,19.23,TRADE
SA1,"1999/04/19 16:00",1446.98667,116.35,TRADE
SA1,"1999/04/19 16:30",1469.18167,20.71,TRADE
SA1,"1999/04/19 17:00",1423.04,24.44,TRADE
SA1,"1999/04/19 17:30",1412.11,21.63,TRADE
SA1,"1999/04/19 18:00",1442.86667,31.55,TRADE
SA1,"1999/04/19 18:30",1483.815,40.87,TRADE
SA1,"1999/04/19 19:00",1540.06167,71.04,TRADE
SA1,"1999/04/19 19:30",1526.38833,71.04,TRADE
SA1,"1999/04/19 20:00",1488.09667,71.04,TRADE
SA1,"1999/04/19 20:30",1440.93667,59.5,TRADE
SA1,"1999/04/19 21:00",1402.65333,31.64,TRADE
SA1,"1999/04/19 21:30",1388.13,17.7,TRADE
SA1,"1999/04/19 22:00",1364.30333,17.68,TRADE
SA1,"1999/04/19 22:30",1355.255,54.59,TRADE
SA1,"1999/04/19 23:00",1377.37667,54.59,TRADE
SA1,"1999/04/19 23:30",1380.97167,61.95,TRADE
SA1,"1999/04/20 00:00",1414.655,61.95,TRADE
SA1,"1999/04/20 00:30",1453.75333,71.04,TRADE
SA1,"1999/04/20 01:00",1496.30667,71.04,TRADE
SA1,"1999/04/20 01:30",1430.755,54.59,TRADE
SA1,"1999/04/20 02:00",1329.63,36.09,TRADE
SA1,"1999/04/20 02:30",1243.06833,18.43,TRADE
SA1,"1999/04/20 03:00",1165.785,17.61,TRADE
SA1,"1999/04/20 03:30",1121.485,17.61,TRADE
SA1,"1999/04/20 04:00",1089.67167,17.61,TRADE
SA1,"1999/04/20 04:30",1066.12667,17.61,TRADE
SA1,"1999/04/20 05:00",1044.01167,17.61,TRADE
SA1,"1999/04/20 05:30",1037.09333,17.61,TRADE
SA1,"1999/04/20 06:00",1056.03667,17.61,TRADE
SA1,"1999/04/20 06:30",1100.12167,20.44,TRADE
SA1,"1999/04/20 07:00",1166.79333,26.08,TRADE
SA1,"1999/04/20 07:30",1223.24833,17.97,TRADE
SA1,"1999/04/20 08:00",1313.305,24.09,TRADE
SA1,"1999/04/20 08:30",1390.465,38.6,TRADE
SA1,"1999/04/20 09:00",1422.74833,55.32,TRADE
SA1,"1999/04/20 09:30",1455.875,62.01,TRADE
SA1,"1999/04/20 10:00",1464.66333,69.85,TRADE
SA1,"1999/04/20 10:30",1459.13833,70.1,TRADE
SA1,"1999/04/20 11:00",1420.17,35.22,TRADE
SA1,"1999/04/20 11:30",1443.18333,20.89,TRADE
SA1,"1999/04/20 12:00",1449.89167,22.74,TRADE
SA1,"1999/04/20 12:30",1454.20167,25.05,TRADE
SA1,"1999/04/20 13:00",1447.09667,26.39,TRADE
SA1,"1999/04/20 13:30",1445.7,30.14,TRADE
SA1,"1999/04/20 14:00",1469.40333,54.59,TRADE
SA1,"1999/04/20 14:30",1461.96833,54.59,TRADE
SA1,"1999/04/20 15:00",1454.48167,59.5,TRADE
SA1,"1999/04/20 15:30",1451.01167,27.84,TRADE
SA1,"1999/04/20 16:00",1414.51667,22.47,TRADE
SA1,"1999/04/20 16:30",1420.83333,26.87,TRADE
SA1,"1999/04/20 17:00",1417.525,26.13,TRADE
SA1,"1999/04/20 17:30",1398.48833,25.04,TRADE
SA1,"1999/04/20 18:00",1430.42833,44.28,TRADE
SA1,"1999/04/20 18:30",1495.17167,71.04,TRADE
SA1,"1999/04/20 19:00",1563.74667,73.53,TRADE
SA1,"1999/04/20 19:30",1550.89833,66.25,TRADE
SA1,"1999/04/20 20:00",1518.76167,66.2,TRADE
SA1,"1999/04/20 20:30",1498.06667,59.5,TRADE
SA1,"1999/04/20 21:00",1473.245,59.5,TRADE
SA1,"1999/04/20 21:30",1447.13,45.19,TRADE
SA1,"1999/04/20 22:00",1422.72333,45.19,TRADE
SA1,"1999/04/20 22:30",1398.77667,54.59,TRADE
SA1,"1999/04/20 23:00",1405.19833,54.59,TRADE
SA1,"1999/04/20 23:30",1408.935,61.95,TRADE
SA1,"1999/04/21 00:00",1428.51833,61.95,TRADE
SA1,"1999/04/21 00:30",1466.2,71.04,TRADE
SA1,"1999/04/21 01:00",1516.50667,71.04,TRADE
SA1,"1999/04/21 01:30",1448.495,54.59,TRADE
SA1,"1999/04/21 02:00",1346.65667,44.45,TRADE
SA1,"1999/04/21 02:30",1252.10833,19.62,TRADE
SA1,"1999/04/21 03:00",1175.815,19.13,TRADE
SA1,"1999/04/21 03:30",1118.10333,17.61,TRADE
SA1,"1999/04/21 04:00",1080.42,17.61,TRADE
SA1,"1999/04/21 04:30",1057.26833,17.61,TRADE
SA1,"1999/04/21 05:00",1037.435,17.61,TRADE
SA1,"1999/04/21 05:30",1041.36167,17.61,TRADE
SA1,"1999/04/21 06:00",1061.745,17.61,TRADE
SA1,"1999/04/21 06:30",1106.38667,22.32,TRADE
SA1,"1999/04/21 07:00",1182.63833,27.49,TRADE
SA1,"1999/04/21 07:30",1239.93667,19.36,TRADE
SA1,"1999/04/21 08:00",1345.05667,30.88,TRADE
SA1,"1999/04/21 08:30",1440.13833,58.62,TRADE
SA1,"1999/04/21 09:00",1491.115,77.75,TRADE
SA1,"1999/04/21 09:30",1489.45167,73.78,TRADE
SA1,"1999/04/21 10:00",1498.445,78.28,TRADE
SA1,"1999/04/21 10:30",1459.98333,48.28,TRADE
SA1,"1999/04/21 11:00",1450.58333,28.16,TRADE
SA1,"1999/04/21 11:30",1445.91167,27.79,TRADE
SA1,"1999/04/21 12:00",1446.54333,28.6,TRADE
SA1,"1999/04/21 12:30",1445.38167,33.93,TRADE
SA1,"1999/04/21 13:00",1444.44833,28.74,TRADE
SA1,"1999/04/21 13:30",1453.17167,56.41,TRADE
SA1,"1999/04/21 14:00",1452.01,40.41,TRADE
SA1,"1999/04/21 14:30",1443.005,30.36,TRADE
SA1,"1999/04/21 15:00",1431.365,29.16,TRADE
SA1,"1999/04/21 15:30",1410.37,20.67,TRADE
SA1,"1999/04/21 16:00",1382.68,18.03,TRADE
SA1,"1999/04/21 16:30",1381.59833,20.25,TRADE
SA1,"1999/04/21 17:00",1385.43333,25.5,TRADE
SA1,"1999/04/21 17:30",1403.05833,29.52,TRADE
SA1,"1999/04/21 18:00",1439.775,50.92,TRADE
SA1,"1999/04/21 18:30",1510.61167,71.92,TRADE
SA1,"1999/04/21 19:00",1609.38667,84.59,TRADE
SA1,"1999/04/21 19:30",1611.20333,71.24,TRADE
SA1,"1999/04/21 20:00",1579.53,71.04,TRADE
SA1,"1999/04/21 20:30",1547.62833,59.54,TRADE
SA1,"1999/04/21 21:00",1525.695,59.61,TRADE
SA1,"1999/04/21 21:30",1499.25167,45.3,TRADE
SA1,"1999/04/21 22:00",1483.12,45.34,TRADE
SA1,"1999/04/21 22:30",1465.865,45.19,TRADE
SA1,"1999/04/21 23:00",1467.27,45.19,TRADE
SA1,"1999/04/21 23:30",1443.64667,54.59,TRADE
SA1,"1999/04/22 00:00",1440.27167,54.59,TRADE
SA1,"1999/04/22 00:30",1466.15667,61.95,TRADE
SA1,"1999/04/22 01:00",1509.25667,61.95,TRADE
SA1,"1999/04/22 01:30",1456.88333,71.04,TRADE
SA1,"1999/04/22 02:00",1352.41167,47.69,TRADE
SA1,"1999/04/22 02:30",1257.235,26.43,TRADE
SA1,"1999/04/22 03:00",1194.02833,22.88,TRADE
SA1,"1999/04/22 03:30",1124.2,17.61,TRADE
SA1,"1999/04/22 04:00",1080.27167,17.61,TRADE
SA1,"1999/04/22 04:30",1052.66667,17.61,TRADE
SA1,"1999/04/22 05:00",1047.49167,17.61,TRADE
SA1,"1999/04/22 05:30",1051.165,17.61,TRADE
SA1,"1999/04/22 06:00",1076.985,17.61,TRADE
SA1,"1999/04/22 06:30",1114.61667,25.62,TRADE
SA1,"1999/04/22 07:00",1198.65167,38.05,TRADE
SA1,"1999/04/22 07:30",1290.975,27.67,TRADE
SA1,"1999/04/22 08:00",1365.09,54.42,TRADE
SA1,"1999/04/22 08:30",1453.63,77.66,TRADE
SA1,"1999/04/22 09:00",1486.205,61.95,TRADE
SA1,"1999/04/22 09:30",1478.91167,61.95,TRADE
SA1,"1999/04/22 10:00",1479.07667,61.95,TRADE
SA1,"1999/04/22 10:30",1443.82,52.49,TRADE
SA1,"1999/04/22 11:00",1418.63833,31.56,TRADE
SA1,"1999/04/22 11:30",1413.38167,29.29,TRADE
SA1,"1999/04/22 12:00",1413.16833,29.05,TRADE
SA1,"1999/04/22 12:30",1401.02333,23.92,TRADE
SA1,"1999/04/22 13:00",1389.76,17.85,TRADE
SA1,"1999/04/22 13:30",1396.605,18.27,TRADE
SA1,"1999/04/22 14:00",1397.11333,17.73,TRADE
SA1,"1999/04/22 14:30",1401.54,24.61,TRADE
SA1,"1999/04/22 15:00",1390.13833,17.61,TRADE
SA1,"1999/04/22 15:30",1383.735,17.61,TRADE
SA1,"1999/04/22 16:00",1373.45,17.61,TRADE
SA1,"1999/04/22 16:30",1361.695,17.65,TRADE
SA1,"1999/04/22 17:00",1357.54167,18.76,TRADE
SA1,"1999/04/22 17:30",1364.26167,23.98,TRADE
SA1,"1999/04/22 18:00",1392.87167,53.43,TRADE
SA1,"1999/04/22 18:30",1480.18667,97.74,TRADE
SA1,"1999/04/22 19:00",1591.09167,152.74,TRADE
SA1,"1999/04/22 19:30",1620.71333,55.87,TRADE
SA1,"1999/04/22 20:00",1609.27333,43.57,TRADE
SA1,"1999/04/22 20:30",1580.60833,33.33,TRADE
SA1,"1999/04/22 21:00",1549.255,67.9,TRADE
SA1,"1999/04/22 21:30",1526.10333,41.8,TRADE
SA1,"1999/04/22 22:00",1513.50167,46.83,TRADE
SA1,"1999/04/22 22:30",1489.98,45.19,TRADE
SA1,"1999/04/22 23:00",1486.295,45.19,TRADE
SA1,"1999/04/22 23:30",1482.85667,54.59,TRADE
SA1,"1999/04/23 00:00",1482.565,54.59,TRADE
SA1,"1999/04/23 00:30",1490.38833,61.95,TRADE
SA1,"1999/04/23 01:00",1530.965,61.95,TRADE
SA1,"1999/04/23 01:30",1465.04,66.21,TRADE
SA1,"1999/04/23 02:00",1344.785,44.45,TRADE
SA1,"1999/04/23 02:30",1249.64,31.31,TRADE
SA1,"1999/04/23 03:00",1176.50333,24.91,TRADE
SA1,"1999/04/23 03:30",1130.29667,19.24,TRADE
SA1,"1999/04/23 04:00",1083.70333,17.61,TRADE
SA1,"1999/04/23 04:30",1048.49833,17.61,TRADE
SA1,"1999/04/23 05:00",1038.44333,17.61,TRADE
SA1,"1999/04/23 05:30",1046.52833,17.61,TRADE
SA1,"1999/04/23 06:00",1064.145,17.66,TRADE
SA1,"1999/04/23 06:30",1112.03,24.91,TRADE
SA1,"1999/04/23 07:00",1196.32667,33.95,TRADE
SA1,"1999/04/23 07:30",1283.23333,22.62,TRADE
SA1,"1999/04/23 08:00",1383.69,52.94,TRADE
SA1,"1999/04/23 08:30",1479.29,81.6,TRADE
SA1,"1999/04/23 09:00",1520.77,61.95,TRADE
SA1,"1999/04/23 09:30",1516.04667,61.95,TRADE
SA1,"1999/04/23 10:00",1519.82667,61.95,TRADE
SA1,"1999/04/23 10:30",1476.49,54.59,TRADE
SA1,"1999/04/23 11:00",1457.81167,46.36,TRADE
SA1,"1999/04/23 11:30",1448.58167,19.98,TRADE
SA1,"1999/04/23 12:00",1417.805,20.86,TRADE
SA1,"1999/04/23 12:30",1420.78833,52.52,TRADE
SA1,"1999/04/23 13:00",1413.70833,17.61,TRADE
SA1,"1999/04/23 13:30",1418.67333,18,TRADE
SA1,"1999/04/23 14:00",1422.26833,17.61,TRADE
SA1,"1999/04/23 14:30",1412.53167,17.61,TRADE
SA1,"1999/04/23 15:00",1405.99667,17.61,TRADE
SA1,"1999/04/23 15:30",1389.06833,17.61,TRADE
SA1,"1999/04/23 16:00",1372.25833,17.61,TRADE
SA1,"1999/04/23 16:30",1349.20333,17.61,TRADE
SA1,"1999/04/23 17:00",1327.94833,17.61,TRADE
SA1,"1999/04/23 17:30",1346.55,17.84,TRADE
SA1,"1999/04/23 18:00",1379.19833,26.53,TRADE
SA1,"1999/04/23 18:30",1441.77333,38.92,TRADE
SA1,"1999/04/23 19:00",1537.72,71.04,TRADE
SA1,"1999/04/23 19:30",1541.17,71.04,TRADE
SA1,"1999/04/23 20:00",1528.62833,71.08,TRADE
SA1,"1999/04/23 20:30",1504.21,59.55,TRADE
SA1,"1999/04/23 21:00",1479.36,76.84,TRADE
SA1,"1999/04/23 21:30",1459.44333,85.51,TRADE
SA1,"1999/04/23 22:00",1450.785,85.51,TRADE
SA1,"1999/04/23 22:30",1429.975,59.5,TRADE
SA1,"1999/04/23 23:00",1459.595,59.5,TRADE
SA1,"1999/04/23 23:30",1453.69667,61.95,TRADE
SA1,"1999/04/24 00:00",1484.07167,61.95,TRADE
SA1,"1999/04/24 00:30",1488.03167,71.04,TRADE
SA1,"1999/04/24 01:00",1526.865,71.04,TRADE
SA1,"1999/04/24 01:30",1442.42833,35.64,TRADE
SA1,"1999/04/24 02:00",1327.21833,30.28,TRADE
SA1,"1999/04/24 02:30",1224.67667,20.21,TRADE
SA1,"1999/04/24 03:00",1153.86833,17.75,TRADE
SA1,"1999/04/24 03:30",1098.42833,17.61,TRADE
SA1,"1999/04/24 04:00",1052.52833,17.61,TRADE
SA1,"1999/04/24 04:30",1017.095,24.81,TRADE
SA1,"1999/04/24 05:00",1002.28,24.81,TRADE
SA1,"1999/04/24 05:30",1000.91833,24.81,TRADE
SA1,"1999/04/24 06:00",1004.78333,24.81,TRADE
SA1,"1999/04/24 06:30",1011.59667,24.81,TRADE
SA1,"1999/04/24 07:00",1043.305,24.81,TRADE
SA1,"1999/04/24 07:30",1063.55167,24.81,TRADE
SA1,"1999/04/24 08:00",1092.655,24.81,TRADE
SA1,"1999/04/24 08:30",1164.39,26.44,TRADE
SA1,"1999/04/24 09:00",1223.86667,36.26,TRADE
SA1,"1999/04/24 09:30",1255.78,37.37,TRADE
SA1,"1999/04/24 10:00",1264.95667,37.24,TRADE
SA1,"1999/04/24 10:30",1258.37,31.53,TRADE
SA1,"1999/04/24 11:00",1245.29167,30.95,TRADE
SA1,"1999/04/24 11:30",1232.93333,30.45,TRADE
SA1,"1999/04/24 12:00",1223.78667,28.72,TRADE
SA1,"1999/04/24 12:30",1220.42833,35.29,TRADE
SA1,"1999/04/24 13:00",1220.89167,28.14,TRADE
SA1,"1999/04/24 13:30",1218.01833,22.57,TRADE
SA1,"1999/04/24 14:00",1223.70667,56.44,TRADE
SA1,"1999/04/24 14:30",1219.59833,62.26,TRADE
SA1,"1999/04/24 15:00",1211.58333,62.26,TRADE
SA1,"1999/04/24 15:30",1188.83667,56.44,TRADE
SA1,"1999/04/24 16:00",1174.94333,56.44,TRADE
SA1,"1999/04/24 16:30",1167.13167,35.35,TRADE
SA1,"1999/04/24 17:00",1161.72667,24.81,TRADE
SA1,"1999/04/24 17:30",1193.47,25.26,TRADE
SA1,"1999/04/24 18:00",1233.875,36.74,TRADE
SA1,"1999/04/24 18:30",1343.50167,62.47,TRADE
SA1,"1999/04/24 19:00",1459.025,55.19,TRADE
SA1,"1999/04/24 19:30",1444.16,38.04,TRADE
SA1,"1999/04/24 20:00",1417.71333,38.04,TRADE
SA1,"1999/04/24 20:30",1388.43833,32.95,TRADE
SA1,"1999/04/24 21:00",1365.15,32.95,TRADE
SA1,"1999/04/24 21:30",1344.31167,33.8,TRADE
SA1,"1999/04/24 22:00",1322.095,38.04,TRADE
SA1,"1999/04/24 22:30",1313.68833,42.04,TRADE
SA1,"1999/04/24 23:00",1335.1,42.04,TRADE
SA1,"1999/04/24 23:30",1341.425,47.26,TRADE
SA1,"1999/04/25 00:00",1381.30167,47.26,TRADE
SA1,"1999/04/25 00:30",1415.455,62.26,TRADE
SA1,"1999/04/25 01:00",1457.76167,62.26,TRADE
SA1,"1999/04/25 01:30",1383.67,38.04,TRADE
SA1,"1999/04/25 02:00",1278.81667,35.84,TRADE
SA1,"1999/04/25 02:30",1186.06,24.81,TRADE
SA1,"1999/04/25 03:00",1109.235,24.81,TRADE
SA1,"1999/04/25 03:30",1041.56833,24.81,TRADE
SA1,"1999/04/25 04:00",993.82667,24.81,TRADE
SA1,"1999/04/25 04:30",967.48,24.81,TRADE
SA1,"1999/04/25 05:00",938.97667,18.02,TRADE
SA1,"1999/04/25 05:30",932.21833,16.34,TRADE
SA1,"1999/04/25 06:00",932.61333,14.72,TRADE
SA1,"1999/04/25 06:30",934.77833,14.72,TRADE
SA1,"1999/04/25 07:00",942.5,14.66,TRADE
SA1,"1999/04/25 07:30",932.93167,14.6,TRADE
SA1,"1999/04/25 08:00",932.45667,14.79,TRADE
SA1,"1999/04/25 08:30",971.12667,18.88,TRADE
SA1,"1999/04/25 09:00",1002.455,17.69,TRADE
SA1,"1999/04/25 09:30",1021.98,19.87,TRADE
SA1,"1999/04/25 10:00",1034.12333,20.62,TRADE
SA1,"1999/04/25 10:30",1021.64667,18.81,TRADE
SA1,"1999/04/25 11:00",1007.98167,16.53,TRADE
SA1,"1999/04/25 11:30",1009.58833,16.48,TRADE
SA1,"1999/04/25 12:00",1005.96,16.01,TRADE
SA1,"1999/04/25 12:30",1010.93,20.68,TRADE
SA1,"1999/04/25 13:00",1020.04167,17.51,TRADE
SA1,"1999/04/25 13:30",1025.4,16.23,TRADE
SA1,"1999/04/25 14:00",1025.49667,15.46,TRADE
SA1,"1999/04/25 14:30",1011.06167,15.11,TRADE
SA1,"1999/04/25 15:00",1007.06167,15.15,TRADE
SA1,"1999/04/25 15:30",999.14833,15.03,TRADE
SA1,"1999/04/25 16:00",994.37833,15.04,TRADE
SA1,"1999/04/25 16:30",983.37667,15,TRADE
SA1,"1999/04/25 17:00",991.65167,16.12,TRADE
SA1,"1999/04/25 17:30",1017.65333,18.9,TRADE
SA1,"1999/04/25 18:00",1068.91333,26.47,TRADE
SA1,"1999/04/25 18:30",1174.69667,34.81,TRADE
SA1,"1999/04/25 19:00",1288.76833,34.21,TRADE
SA1,"1999/04/25 19:30",1285.62833,31.75,TRADE
SA1,"1999/04/25 20:00",1268.20167,28.71,TRADE
SA1,"1999/04/25 20:30",1262.51667,28.17,TRADE
SA1,"1999/04/25 21:00",1249.70667,26.55,TRADE
SA1,"1999/04/25 21:30",1245.995,25.03,TRADE
SA1,"1999/04/25 22:00",1235.89167,24.84,TRADE
SA1,"1999/04/25 22:30",1213.34667,24.81,TRADE
SA1,"1999/04/25 23:00",1233.45333,24.81,TRADE
SA1,"1999/04/25 23:30",1243.50667,26.33,TRADE
SA1,"1999/04/26 00:00",1277.66667,24.81,TRADE
SA1,"1999/04/26 00:30",1321.82333,40.16,TRADE
SA1,"1999/04/26 01:00",1368.36833,62.26,TRADE
SA1,"1999/04/26 01:30",1290.085,35.84,TRADE
SA1,"1999/04/26 02:00",1184.42167,24.81,TRADE
SA1,"1999/04/26 02:30",1101.61833,24.81,TRADE
SA1,"1999/04/26 03:00",1039.325,24.81,TRADE
SA1,"1999/04/26 03:30",986.48833,24.81,TRADE
SA1,"1999/04/26 04:00",953.68333,14.53,TRADE
SA1,"1999/04/26 04:30",915.72167,15.79,TRADE
SA1,"1999/04/26 05:00",903.005,15.48,TRADE
SA1,"1999/04/26 05:30",898.99667,15.99,TRADE
SA1,"1999/04/26 06:00",904.13167,16.27,TRADE
SA1,"1999/04/26 06:30",904.36667,16.34,TRADE
SA1,"1999/04/26 07:00",917.04333,16.78,TRADE
SA1,"1999/04/26 07:30",909.74167,17.74,TRADE
SA1,"1999/04/26 08:00",905.07833,25.12,TRADE
SA1,"1999/04/26 08:30",950.37333,26.7,TRADE
SA1,"1999/04/26 09:00",989.01167,28.18,TRADE
SA1,"1999/04/26 09:30",1025.23,30.44,TRADE
SA1,"1999/04/26 10:00",1040.415,30.46,TRADE
SA1,"1999/04/26 10:30",1036.58167,29.39,TRADE
SA1,"1999/04/26 11:00",1042.15833,31.06,TRADE
SA1,"1999/04/26 11:30",1046.51667,30.65,TRADE
SA1,"1999/04/26 12:00",1053.93,30.52,TRADE
SA1,"1999/04/26 12:30",1073.805,27.45,TRADE
SA1,"1999/04/26 13:00",1088.585,27.3,TRADE
SA1,"1999/04/26 13:30",1095.61333,28.32,TRADE
SA1,"1999/04/26 14:00",1094.96167,30.66,TRADE
SA1,"1999/04/26 14:30",1079.975,28.81,TRADE
SA1,"1999/04/26 15:00",1076.73833,29.32,TRADE
SA1,"1999/04/26 15:30",1068.74667,30.23,TRADE
SA1,"1999/04/26 16:00",1058.93667,30.08,TRADE
SA1,"1999/04/26 16:30",1059.84833,31.24,TRADE
SA1,"1999/04/26 17:00",1080.2,31.81,TRADE
SA1,"1999/04/26 17:30",1134.165,36.26,TRADE
SA1,"1999/04/26 18:00",1239.28333,82.98,TRADE
SA1,"1999/04/26 18:30",1378.345,119.86,TRADE
SA1,"1999/04/26 19:00",1465.56,112.22,TRADE
SA1,"1999/04/26 19:30",1438.90667,58.33,TRADE
SA1,"1999/04/26 20:00",1423.00667,56.44,TRADE
SA1,"1999/04/26 20:30",1404.65,53.57,TRADE
SA1,"1999/04/26 21:00",1395.345,53.57,TRADE
SA1,"1999/04/26 21:30",1376.26833,38.04,TRADE
SA1,"1999/04/26 22:00",1346.48333,38.04,TRADE
SA1,"1999/04/26 22:30",1328.395,40.09,TRADE
SA1,"1999/04/26 23:00",1324.97167,33.2,TRADE
SA1,"1999/04/26 23:30",1317.60167,41.88,TRADE
SA1,"1999/04/27 00:00",1340.32333,47.84,TRADE
SA1,"1999/04/27 00:30",1387.87167,69.9,TRADE
SA1,"1999/04/27 01:00",1441.47167,69.9,TRADE
SA1,"1999/04/27 01:30",1389.01833,38.04,TRADE
SA1,"1999/04/27 02:00",1326.09667,34.5,TRADE
SA1,"1999/04/27 02:30",1230.59333,24.81,TRADE
SA1,"1999/04/27 03:00",1163.69167,24.81,TRADE
SA1,"1999/04/27 03:30",1118.18333,24.81,TRADE
SA1,"1999/04/27 04:00",1076.37167,24.81,TRADE
SA1,"1999/04/27 04:30",1036.00333,17.61,TRADE
SA1,"1999/04/27 05:00",1024.03,17.61,TRADE
SA1,"1999/04/27 05:30",1030.61667,17.61,TRADE
SA1,"1999/04/27 06:00",1061.79333,17.61,TRADE
SA1,"1999/04/27 06:30",1112.71833,25.97,TRADE
SA1,"1999/04/27 07:00",1206.99,68.26,TRADE
SA1,"1999/04/27 07:30",1262.00833,35.85,TRADE
SA1,"1999/04/27 08:00",1373.37833,71.49,TRADE
SA1,"1999/04/27 08:30",1468.275,84.68,TRADE
SA1,"1999/04/27 09:00",1503.775,72.12,TRADE
SA1,"1999/04/27 09:30",1523.955,73.05,TRADE
SA1,"1999/04/27 10:00",1539.39167,71.4,TRADE
SA1,"1999/04/27 10:30",1481.60833,67.61,TRADE
SA1,"1999/04/27 11:00",1486.13667,68.4,TRADE
SA1,"1999/04/27 11:30",1485.88667,60.93,TRADE
SA1,"1999/04/27 12:00",1484.82333,61.01,TRADE
SA1,"1999/04/27 12:30",1485.06667,58.98,TRADE
SA1,"1999/04/27 13:00",1481.70167,48.46,TRADE
SA1,"1999/04/27 13:30",1493.55,51.47,TRADE
SA1,"1999/04/27 14:00",1502.81667,61.95,TRADE
SA1,"1999/04/27 14:30",1502.725,47.93,TRADE
SA1,"1999/04/27 15:00",1505.15,44.12,TRADE
SA1,"1999/04/27 15:30",1486.76667,53.66,TRADE
SA1,"1999/04/27 16:00",1462.065,47.5,TRADE
SA1,"1999/04/27 16:30",1460.58,54.59,TRADE
SA1,"1999/04/27 17:00",1463.43667,54.59,TRADE
SA1,"1999/04/27 17:30",1490.45667,74.54,TRADE
SA1,"1999/04/27 18:00",1566.985,274.48,TRADE
SA1,"1999/04/27 18:30",1673.845,358.7,TRADE
SA1,"1999/04/27 19:00",1743.89167,173.93,TRADE
SA1,"1999/04/27 19:30",1695.25167,76.49,TRADE
SA1,"1999/04/27 20:00",1656.91833,72.35,TRADE
SA1,"1999/04/27 20:30",1631.07333,72.24,TRADE
SA1,"1999/04/27 21:00",1595.29667,68.97,TRADE
SA1,"1999/04/27 21:30",1580.81167,67.83,TRADE
SA1,"1999/04/27 22:00",1534.86667,54.59,TRADE
SA1,"1999/04/27 22:30",1503.59,59.5,TRADE
SA1,"1999/04/27 23:00",1512.91167,59.5,TRADE
SA1,"1999/04/27 23:30",1471.09,61.95,TRADE
SA1,"1999/04/28 00:00",1469.51,61.95,TRADE
SA1,"1999/04/28 00:30",1496.015,71.04,TRADE
SA1,"1999/04/28 01:00",1523.98667,71.06,TRADE
SA1,"1999/04/28 01:30",1461.67667,38.63,TRADE
SA1,"1999/04/28 02:00",1346.98,37.46,TRADE
SA1,"1999/04/28 02:30",1273.47,31.45,TRADE
SA1,"1999/04/28 03:00",1197.935,29.25,TRADE
SA1,"1999/04/28 03:30",1148.33833,22.03,TRADE
SA1,"1999/04/28 04:00",1097.78167,17.61,TRADE
SA1,"1999/04/28 04:30",1074.36667,17.61,TRADE
SA1,"1999/04/28 05:00",1060.36833,17.61,TRADE
SA1,"1999/04/28 05:30",1065.93167,17.61,TRADE
SA1,"1999/04/28 06:00",1094.27167,17.61,TRADE
SA1,"1999/04/28 06:30",1144.45167,29.65,TRADE
SA1,"1999/04/28 07:00",1246.87,49.5,TRADE
SA1,"1999/04/28 07:30",1314.49,27.7,TRADE
SA1,"1999/04/28 08:00",1427.38167,64.06,TRADE
SA1,"1999/04/28 08:30",1532.56167,77.8,TRADE
SA1,"1999/04/28 09:00",1572.905,61.99,TRADE
SA1,"1999/04/28 09:30",1569.05333,70.77,TRADE
SA1,"1999/04/28 10:00",1569.715,66.47,TRADE
SA1,"1999/04/28 10:30",1536.885,54.59,TRADE
SA1,"1999/04/28 11:00",1507.75167,54.59,TRADE
SA1,"1999/04/28 11:30",1514.09167,59.5,TRADE
SA1,"1999/04/28 12:00",1503.36833,47.91,TRADE
SA1,"1999/04/28 12:30",1507.20667,47.42,TRADE
SA1,"1999/04/28 13:00",1487.22167,54.89,TRADE
SA1,"1999/04/28 13:30",1498.02,34.69,TRADE
SA1,"1999/04/28 14:00",1510.93333,52.67,TRADE
SA1,"1999/04/28 14:30",1534.36833,63.85,TRADE
SA1,"1999/04/28 15:00",1531.84333,59.5,TRADE
SA1,"1999/04/28 15:30",1506.55,59.5,TRADE
SA1,"1999/04/28 16:00",1479.40833,48.13,TRADE
SA1,"1999/04/28 16:30",1448.075,39.08,TRADE
SA1,"1999/04/28 17:00",1464.15333,48.06,TRADE
SA1,"1999/04/28 17:30",1478.73833,63.62,TRADE
SA1,"1999/04/28 18:00",1565.42833,186.25,TRADE
SA1,"1999/04/28 18:30",1691.36667,153.11,TRADE
SA1,"1999/04/28 19:00",1758.985,110.82,TRADE
SA1,"1999/04/28 19:30",1735.05667,70.82,TRADE
SA1,"1999/04/28 20:00",1725.045,71.04,TRADE
SA1,"1999/04/28 20:30",1687.405,67.85,TRADE
SA1,"1999/04/28 21:00",1659.55333,67.25,TRADE
SA1,"1999/04/28 21:30",1631.86,60.49,TRADE
SA1,"1999/04/28 22:00",1591.25333,55.8,TRADE
SA1,"1999/04/28 22:30",1564.56833,59.53,TRADE
SA1,"1999/04/28 23:00",1565.67,59.51,TRADE
SA1,"1999/04/28 23:30",1517.215,50.59,TRADE
SA1,"1999/04/29 00:00",1517.20833,55.76,TRADE
SA1,"1999/04/29 00:30",1532.835,71.4,TRADE
SA1,"1999/04/29 01:00",1574.41333,71.78,TRADE
SA1,"1999/04/29 01:30",1498.38,36.99,TRADE
SA1,"1999/04/29 02:00",1399.5,32.42,TRADE
SA1,"1999/04/29 02:30",1279.94167,24.77,TRADE
SA1,"1999/04/29 03:00",1216.615,17.61,TRADE
SA1,"1999/04/29 03:30",1150.365,17.61,TRADE
SA1,"1999/04/29 04:00",1099.24167,17.61,TRADE
SA1,"1999/04/29 04:30",1078.16833,17.61,TRADE
SA1,"1999/04/29 05:00",1062.83667,17.61,TRADE
SA1,"1999/04/29 05:30",1064.66167,17.61,TRADE
SA1,"1999/04/29 06:00",1092.66,17.61,TRADE
SA1,"1999/04/29 06:30",1140.39,30.38,TRADE
SA1,"1999/04/29 07:00",1235.28333,46.32,TRADE
SA1,"1999/04/29 07:30",1287.50833,32.71,TRADE
SA1,"1999/04/29 08:00",1418.285,64.08,TRADE
SA1,"1999/04/29 08:30",1515.55667,76.77,TRADE
SA1,"1999/04/29 09:00",1557.39,62.69,TRADE
SA1,"1999/04/29 09:30",1564.83667,68.12,TRADE
SA1,"1999/04/29 10:00",1562.98167,69.03,TRADE
SA1,"1999/04/29 10:30",1551.02,56.25,TRADE
SA1,"1999/04/29 11:00",1525.985,45.19,TRADE
SA1,"1999/04/29 11:30",1510.33667,59.5,TRADE
SA1,"1999/04/29 12:00",1486.11667,59.5,TRADE
SA1,"1999/04/29 12:30",1484.505,47.87,TRADE
SA1,"1999/04/29 13:00",1501.04833,59.5,TRADE
SA1,"1999/04/29 13:30",1514.31,61.95,TRADE
SA1,"1999/04/29 14:00",1538.08167,61.95,TRADE
SA1,"1999/04/29 14:30",1525.34833,59.5,TRADE
SA1,"1999/04/29 15:00",1531.80833,59.5,TRADE
SA1,"1999/04/29 15:30",1520.06167,59.5,TRADE
SA1,"1999/04/29 16:00",1509.90167,59.5,TRADE
SA1,"1999/04/29 16:30",1494.54,54.59,TRADE
SA1,"1999/04/29 17:00",1499.92667,54.59,TRADE
SA1,"1999/04/29 17:30",1513.44333,68.11,TRADE
SA1,"1999/04/29 18:00",1579.42833,98.28,TRADE
SA1,"1999/04/29 18:30",1685.46167,110.79,TRADE
SA1,"1999/04/29 19:00",1753.855,92.82,TRADE
SA1,"1999/04/29 19:30",1722.63333,71.08,TRADE
SA1,"1999/04/29 20:00",1714.56833,71.19,TRADE
SA1,"1999/04/29 20:30",1666.11833,60.4,TRADE
SA1,"1999/04/29 21:00",1669.63833,60.49,TRADE
SA1,"1999/04/29 21:30",1649.96,55.49,TRADE
SA1,"1999/04/29 22:00",1609.3625,54.9,TRADE
SA1,"1999/04/29 22:30",1569.38333,60.12,TRADE
SA1,"1999/04/29 23:00",1569.855,60.23,TRADE
SA1,"1999/04/29 23:30",1524.41333,62.07,TRADE
SA1,"1999/04/30 00:00",1518.24833,61.95,TRADE
SA1,"1999/04/30 00:30",1553.41833,71.52,TRADE
SA1,"1999/04/30 01:00",1574.61667,71.77,TRADE
SA1,"1999/04/30 01:30",1510.405,37.41,TRADE
SA1,"1999/04/30 02:00",1396.425,35.76,TRADE
SA1,"1999/04/30 02:30",1299.61833,33.7,TRADE
SA1,"1999/04/30 03:00",1222.81833,31.14,TRADE
SA1,"1999/04/30 03:30",1163.27667,23.1,TRADE
SA1,"1999/04/30 04:00",1125.24667,17.61,TRADE
SA1,"1999/04/30 04:30",1107.04,17.61,TRADE
SA1,"1999/04/30 05:00",1099.74833,17.61,TRADE
SA1,"1999/04/30 05:30",1091.33833,17.61,TRADE
SA1,"1999/04/30 06:00",1119.79667,17.61,TRADE
SA1,"1999/04/30 06:30",1163.48667,33.98,TRADE
SA1,"1999/04/30 07:00",1247.305,55.2,TRADE
SA1,"1999/04/30 07:30",1298.83667,33.06,TRADE
SA1,"1999/04/30 08:00",1413.08833,59.52,TRADE
SA1,"1999/04/30 08:30",1502.265,67.21,TRADE
SA1,"1999/04/30 09:00",1533.05333,62.01,TRADE
SA1,"1999/04/30 09:30",1526.82667,62.47,TRADE
SA1,"1999/04/30 10:00",1534.68833,62.33,TRADE
SA1,"1999/04/30 10:30",1486.46167,54.59,TRADE
SA1,"1999/04/30 11:00",1482.32,60.14,TRADE
SA1,"1999/04/30 11:30",1457.16833,59.5,TRADE
SA1,"1999/04/30 12:00",1459.93833,59.5,TRADE
SA1,"1999/04/30 12:30",1469.605,59.5,TRADE
SA1,"1999/04/30 13:00",1465.81667,42.5,TRADE
SA1,"1999/04/30 13:30",1458.585,38.08,TRADE
SA1,"1999/04/30 14:00",1453.69,31.14,TRADE
SA1,"1999/04/30 14:30",1465.90333,31.14,TRADE
SA1,"1999/04/30 15:00",1460.67,31.14,TRADE
SA1,"1999/04/30 15:30",1442.20667,31.14,TRADE
SA1,"1999/04/30 16:00",1424.17333,26.63,TRADE
SA1,"1999/04/30 16:30",1417.06333,18.84,TRADE
SA1,"1999/04/30 17:00",1386.83333,25.07,TRADE
SA1,"1999/04/30 17:30",1397.47167,37.25,TRADE
SA1,"1999/04/30 18:00",1486.82333,62.63,TRADE
SA1,"1999/04/30 18:30",1593.34167,71.39,TRADE
SA1,"1999/04/30 19:00",1665.54167,71.34,TRADE
SA1,"1999/04/30 19:30",1611.98167,71.05,TRADE
SA1,"1999/04/30 20:00",1607.23667,71.12,TRADE
SA1,"1999/04/30 20:30",1586.59167,59.98,TRADE
SA1,"1999/04/30 21:00",1560.99667,60.01,TRADE
SA1,"1999/04/30 21:30",1536.43167,55.07,TRADE
SA1,"1999/04/30 22:00",1514.765,54.59,TRADE
SA1,"1999/04/30 22:30",1484.23833,59.5,TRADE
SA1,"1999/04/30 23:00",1501.75,59.62,TRADE
SA1,"1999/04/30 23:30",1484.68667,62.3,TRADE
SA1,"1999/05/01 00:00",1485.86333,61.95,TRADE
